PUBLISHDATE,VERSION,ZONE,PNODEID,PNODENAME,PNODETYPE,PRICINGTYPE,H1,H2,H2DST,H3,H4,H5,H6,H7,H8,H9,H10,H11,H12,H13,H14,H15,H16,H17,H18,H19,H20,H21,H22,H23,H24
01.01.2012,0,null,130204739,MADISON,AGGREGATE,TotalLMP,23.32,24.55,,21.69,24.35,21.63,15.36,20.12,23.36,19.75,21.16,21.81,22.17,24.96,24.3,23.15,24.13,27.46,29.32,27.89,27.74,27.48,26.81,25,14.29
02.01.2012,0,null,130204739,MADISON,AGGREGATE,TotalLMP,11.57,0.78,,23.72,22.89,24.19,23.8,38.36,29.11,27.91,28.33,30.9,29.37,29.61,29.15,28.75,28,29.06,42.65,33.97,35.52,32.76,31,30.6,28.44
03.01.2012,0,null,130204739,MADISON,AGGREGATE,TotalLMP,29.25,28.68,,28.36,28.21,27.52,27.46,29.21,30.01,30.31,30.71,33.18,34.01,35.63,33.51,30.68,24.89,30.66,43.02,36.95,32.65,34.3,33.11,33.73,29.66
04.01.2012,0,null,130204739,MADISON,AGGREGATE,TotalLMP,29.74,30.49,,30.2,28.95,28.89,29.56,36.14,37.72,32.46,49.79,41.1,50.97,30.48,30.64,28.86,31.53,29.02,57.81,36.98,39.45,33.32,30.13,27.52,29.12
05.01.2012,0,null,130204739,MADISON,AGGREGATE,TotalLMP,26.75,27.96,,28.03,28.41,28.3,31.57,37.05,35.77,38.65,30.26,30.11,28.37,26.83,27.25,25.74,26.61,26.24,29.29,29.22,21.37,27.92,24.66,25.26,25.88
06.01.2012,0,null,130204739,MADISON,AGGREGATE,TotalLMP,27.68,26.17,,27.02,26.19,27.44,28.14,33.55,30.23,27.37,28.51,28.5,28.16,27.98,27.77,26.68,26.71,27.5,33.88,27.47,27.43,27.92,27.21,24.81,25.47
07.01.2012,0,null,130204739,MADISON,AGGREGATE,TotalLMP,25.49,25.99,,23.83,25.24,25.41,25.93,26.06,26.18,26.76,27.15,27.26,26.61,25.98,25.11,22.91,23.18,25.37,30.55,29.14,27.91,27.27,26.79,26.16,25.47
08.01.2012,0,null,130204739,MADISON,AGGREGATE,TotalLMP,25.82,24.82,,23.93,24.29,25.27,25.4,25.5,26.3,27.36,27.21,26.92,26.32,26.34,26.26,26.02,26.17,27.28,41.75,31,30.7,30.34,28.43,27.52,26.81
09.01.2012,0,null,130204739,MADISON,AGGREGATE,TotalLMP,27.8,27.98,,27.17,27.22,28.41,40.11,30.99,74.3,35.3,38.43,92.8,31.85,30.83,30.25,29.5,29.07,29.98,36.45,36.24,33.41,32.99,29.82,28.48,26.38
10.01.2012,0,null,130204739,MADISON,AGGREGATE,TotalLMP,25.9,26.43,,26.51,26.89,26.67,28.85,71.79,36.71,31.92,31.03,29.13,28.6,27.87,27.58,26.83,26.53,28.93,39.24,33.18,37.09,33.44,29.86,27.29,26.55
11.01.2012,0,null,130204739,MADISON,AGGREGATE,TotalLMP,26.88,26.95,,27.34,27.35,27.83,28.82,44.37,33.37,33.09,32.02,32.44,31.65,31.28,30.44,29.4,29.87,33.3,46.25,43.44,41.74,32.33,29.16,27.25,25.77
12.01.2012,0,null,130204739,MADISON,AGGREGATE,TotalLMP,25.08,24.63,,24.37,24.53,24.48,25.71,30.23,31.49,29.9,29.78,30.33,31.8,29,28.85,28.04,27.78,29.52,33.65,32.21,34.3,32.95,29.5,27.24,25.34
13.01.2012,0,null,130204739,MADISON,AGGREGATE,TotalLMP,26.38,25.35,,26.2,27.3,26.3,31.78,85.46,91.38,40.38,61.03,77.89,39.45,37.12,33.37,34.31,28.64,29.37,61.54,50.34,33.67,46.84,49.31,29.19,28.9
14.01.2012,0,null,130204739,MADISON,AGGREGATE,TotalLMP,28.75,28.86,,28.44,30,30.28,28.76,28.12,28.79,30,32.34,33.99,31.16,30.89,30.54,29.19,28.56,28.58,38.16,32.72,31.38,31.25,31.29,28.91,27.97
15.01.2012,0,null,130204739,MADISON,AGGREGATE,TotalLMP,27.37,27.13,,27.17,27.14,27.23,27.98,28.89,29.69,30.84,29.59,29.75,29.38,28.07,26.86,26.01,25.81,26.73,29.06,32.5,29.5,35.41,29.78,28.75,28.18
16.01.2012,0,null,130204739,MADISON,AGGREGATE,TotalLMP,27.25,27.42,,27.17,26.75,27.62,26.87,28.15,31.42,31.27,30.5,30.2,28.86,28.65,28.23,28.17,28.29,29.74,51,29.27,34.85,28.14,26.53,26.18,24.2
17.01.2012,0,null,130204739,MADISON,AGGREGATE,TotalLMP,24.48,22.15,,21.64,21.29,21.88,23.69,27.2,27.82,27.75,27.1,26.27,26.13,26.14,26.73,25.9,26.07,27.5,44.76,30.33,28.71,28.7,27.78,26.6,25.34
18.01.2012,0,null,130204739,MADISON,AGGREGATE,TotalLMP,20.84,20.99,,21.6,22.43,25.25,26.21,33.41,31.75,33.49,31.72,31.18,30.23,29.7,29.39,28.61,28.02,27.88,60.74,47.02,73.74,50.87,30.97,28.46,28.78
19.01.2012,0,null,130204739,MADISON,AGGREGATE,TotalLMP,28.22,28.31,,28.66,29.36,30.79,34.89,56.19,96.75,38.9,32.69,42.78,30.8,29.07,29.1,28.84,29.15,28.68,30.23,36.86,42.62,43.95,32.7,27.92,28.16
20.01.2012,0,null,130204739,MADISON,AGGREGATE,TotalLMP,27.84,27.09,,27,26.77,27.08,28.1,30.11,34.13,30.96,40.65,36.74,31.21,30.45,30.17,30.15,29.73,28.51,50.59,30.96,33.17,33.75,30.43,28.93,28.09
21.01.2012,0,null,130204739,MADISON,AGGREGATE,TotalLMP,28.17,27.95,,27.32,27.38,27.24,26.55,28,29.74,31.97,44.23,85.68,45.46,38.58,30.93,30.56,30.07,38.18,64.76,56.45,41.15,31.77,29.79,28.37,28.11
22.01.2012,0,null,130204739,MADISON,AGGREGATE,TotalLMP,28.12,28.36,,27.76,27.88,27.31,26.69,25.93,30.11,30.38,29.43,28.81,29.63,28.4,29.07,28.27,28.01,31.5,28.46,31.74875,30.15,29.56,28.82,28.02,26.11
23.01.2012,0,null,130204739,MADISON,AGGREGATE,TotalLMP,25.68,25.93,,25.57,24.93,25.14,24.33,48.02,30.52,29.87,31.79,33.05,42.83,27.77,27.83,31.93,27.31,27.54,28.89,29.52,29.48,28.81,27.51,23.65,24.32
24.01.2012,0,null,130204739,MADISON,AGGREGATE,TotalLMP,22.87,22.5,,21.84,21.03,23.12,23.91,28.12,28.69,28.83,28.99,28.33,27.72,27.42,26.76,26.09,25.83,27.1,31.64,30.34,30.31,29.9,28.68,27.06,24.91
25.01.2012,0,null,130204739,MADISON,AGGREGATE,TotalLMP,24.68,25.22,,25.34,25.1,24.62,26.42,37.27,36.3,29.01,28.88,28.61,28.1,27.14,27.25,26.67,26.73,27.12,60,31.4,31.27,30.55,27.75,25.47,23.66
26.01.2012,0,null,130204739,MADISON,AGGREGATE,TotalLMP,23.88,23.75,,23.75,23.27,24.37,25.43,27.31,27.02,27.58,28.3,28.69,28.14,27.49,27.59,26.74,27.07,27.27,27.94,28.76,28.67,27.55,25.91,24.27,20.74
27.01.2012,0,null,130204739,MADISON,AGGREGATE,TotalLMP,16.9,16.1,,0.08,12.6,19.58,22.33,27.21,27.39,26.34,27.41,27.87,27.47,27.54,27.48,26.42,25.67,25.28,31.18,28.93,27.78,27,26.73,25.62,23.79
28.01.2012,0,null,130204739,MADISON,AGGREGATE,TotalLMP,24.54,25.07,,25.2,26.1,26.84,26.18,27.01,28.27,31.27,31.31,30,29.58,25.76,24.8,23.58,23.81,24.74,31.06,32.03,27.55,27.56,27.68,26.93,24.97
29.01.2012,0,null,130204739,MADISON,AGGREGATE,TotalLMP,23.18,24.52,,22.76,24.02,24.86,24.61,24.87,27.4,27.76,26.31,24.82,24.56,24.73,23.9,22.59,24.17,25.72,27.53,33.11,29.77,29.3,28.71,26.46,24.06
30.01.2012,0,null,130204739,MADISON,AGGREGATE,TotalLMP,24.11,23.5,,25.23,25.23,24.88,33.43,37.23,33.18,29.47,29.85,28.95,29.73,27.57,26.75,25.41,25.52,26.41,27.66,31.42,30.46,27.77,27.29,24.16,22.23
31.01.2012,0,null,130204739,MADISON,AGGREGATE,TotalLMP,21.56,21.33,,20.02,20.33,22.58,26.97,34.05,28.98,26.83,25.56,25.39,25.07,24.51,23.39,23.01,22.06,24.87,26.53,28.23,28.13,27.09,24.88,19.71,9.13
01.02.2012,0,null,130204739,MADISON,AGGREGATE,TotalLMP,18.59,17.38,,10.85,-11.84,18.29,22.38,27.28,26.62,26.22,26.44,26.33,25.78,25.6,24.49,24.41,22.66,23.83,26.14,29.19,27.39,26.85,26.01,24.52,19.58
02.02.2012,0,null,130204739,MADISON,AGGREGATE,TotalLMP,18.62,19.13,,17.4,18.77,20.92,21.97,27,26.55,26.82,26.95,26.37,26.06,26.14,25.46,24.39,24.66,26.03,27,28.93,28.66,27.52,26.17,24.48,21.17
03.02.2012,0,null,130204739,MADISON,AGGREGATE,TotalLMP,22,20.96,,21.53,22.57,22.95,26.86,35.46,29.7,28.48,28.66,27.41,26.57,25.42,25.35,24.39,24.19,24.63,34.12,27.67,26.87,26.51,25.98,24.81,21.84
04.02.2012,0,null,130204739,MADISON,AGGREGATE,TotalLMP,22.28,22.89,,23.1,21.97,21.36,20.87,23.37,25.17,26.32,26.95,26.74,26.32,26.03,25.71,25.45,24.81,25.48,26.13,27.47,26.68,26.27,25.99,25.41,20.38
05.02.2012,0,null,130204739,MADISON,AGGREGATE,TotalLMP,21.34,20.63,,18.6,19.45,19.96,18.75,21.23,23.31,26.36,26.17,25.62,25.07,25.34,25.08,24.21,23.3,23.67,24.64,27.77,26.37,26.58,26.58,26.49,25.73
06.02.2012,0,null,130204739,MADISON,AGGREGATE,TotalLMP,25.85,26.05,,25.77,25.78,25.93,28.5,69.93,41.28,31.89,30.87,31.16,28.97,27.39,26.91,26.95,25.94,26.5,41.65,35.43,33.68,35.66,28.49,26.39,23.65
07.02.2012,0,null,130204739,MADISON,AGGREGATE,TotalLMP,24.04,23.27,,23.71,24.48,24.66,25.85,35.39,33.11,29.45,29.91,29.06,27.31,26.98,26.7,26.3,25.73,25.97,28.18,29.38,33,29.16,27.94,26.7,24.36
08.02.2012,0,null,130204739,MADISON,AGGREGATE,TotalLMP,25.94,24.34,,24.76,25.71,25.8,24.42,27.31,28.75,29.21,30.55,29.48,28.78,27.92,27.84,27.39,26.83,27.14,39.31,29.77,32.2,33.03,28.86,26.53,24.47
09.02.2012,0,null,130204739,MADISON,AGGREGATE,TotalLMP,23.85,22.11,,21.96,23.45,24.26,25.65,28.28,30.28,28.78,29.72,28.15,27.06,25.55,25.75,25.33,24.21,25.62,29.05,32.68,32.57,32.33,28.12,26.54,22.8
10.02.2012,0,null,130204739,MADISON,AGGREGATE,TotalLMP,21.99,23.71,,24.4,23.55,25,27.33,30.74,29.71,29.9,29.19,28.75,28.18,27.49,27.1175,27.2975,26.8,27.52,48.14,30.24,28.33,27.05,26.39,26,23.58
11.02.2012,0,null,130204739,MADISON,AGGREGATE,TotalLMP,23.23,22.67,,22.41,23.08,22.63,24.52,25.59,27.34,32.62,31.41,31.26,29.88,29.74,27.54,29.17,28.46,27.88,33,36.65,34.3,34.38,31.35,29.99,28.41
12.02.2012,0,null,130204739,MADISON,AGGREGATE,TotalLMP,29.99,28.41,,32.94,34.53,28.35,27.3,28.52,28.65,28.45,29.2,28.34,27.78,28.13,27.35,26.55,25.93,24.99,27.84,33.34,30.56,31.83,27.16,27.95,26.7
13.02.2012,0,null,130204739,MADISON,AGGREGATE,TotalLMP,26.8,26.17,,26.71,27.6,27.18,29.62,47.86,64.74,29.21,31.23,31.68,28.84,27.16,28.4,27.94,27.43,27.23,29.19,30.96,30.19,29.89,28.82,27.37,25.34
14.02.2012,0,null,130204739,MADISON,AGGREGATE,TotalLMP,25.39,24.25,,24.13,23.71,22.49,25.15,27.33,28.88,30.38,30.14,30.29,28.21,26.76,27.64,26.67,26.87,27.95,33.42,30.82,31.96,29.48,27.17,24.78,23.64
15.02.2012,0,null,130204739,MADISON,AGGREGATE,TotalLMP,22.25,21.77,,20.89,22.05,20.98,22.52,26.98,26.79,25.96,26.64,26.68,26.28,25.49,24.88,24.34,24.96,26.87,28.25,38,29.03,27.98,26.1,24.12,22.6
16.02.2012,0,null,130204739,MADISON,AGGREGATE,TotalLMP,21.26,21.13,,20.97,21.13,20.91,24.5,29.94,29.7,28.86,30.54,29.34,28.42,28.08,27.65,27.56,27.47,28.62,33.94,30.7,32.19,29.15,27,25.71,21.7
17.02.2012,0,null,130204739,MADISON,AGGREGATE,TotalLMP,21.13,19.39,,17.71,20.27,20.87,24.62,29.61,30.52,28.72,28.02,27.52,26.43,25.93,25.57,22.8,23.04,23.06,24.45,28.12,28.09,28.24,26.04,25.18,23.11
18.02.2012,0,null,130204739,MADISON,AGGREGATE,TotalLMP,26.34,26.55,,24.48,23.81,24.37,24.73,25.89,39.15,28.2,26.32,25.54,25.04,23.45,20.77,20.83,20.55,21.24,24.47,28.14,26.86,24.36,25.8,23.42,23.57
19.02.2012,0,null,130204739,MADISON,AGGREGATE,TotalLMP,22.51,23.03,,22.46,22.63,22.78,23.48,23.46,21.78,26.75,28.99,27.73,28.5,27.73,27.31,25.52,25.27,26.13,27.35,29.47,31.46,34.23,29.36,27.9,27.56
20.02.2012,0,null,130204739,MADISON,AGGREGATE,TotalLMP,27.55,29.19,,27.95,29.43,29.36,29.34,30.24,38.64,38.35,34.16,35.81,31.84,31.03,30.02,28.17,27.14,26.74,28.25,39.92,37.92,36.22,36.34,28.82,27.28
21.02.2012,0,null,130204739,MADISON,AGGREGATE,TotalLMP,27.66,27.53,,27.2,27.35,27.07,30.47,91.57,65.32,30.39,31.3,29.56,28.01,28.57,28.71,27.96,27.69,29.16,32.04,34.35,35.76,37.2,28.18,25.11,23.39
22.02.2012,0,null,130204739,MADISON,AGGREGATE,TotalLMP,24.19,21.75,,21.82,22.28,22.94,25.16,30.17,29.72,29.71,30.44,29.83,28.26,27.62,27.24,26.84,26.31,26.86,27.9,31.4,30.6,28.79,27.52,26.11,23.5
23.02.2012,0,null,130204739,MADISON,AGGREGATE,TotalLMP,22.91,22.11,,21.94,22.02,23.06,26.34,27.85,28.82,27.78,28.39,31.86,27.94,27.25,27.33,24.64,24.02,26.12,26.76,34.55,30.68,29.07,26.9,24.4,24.13
24.02.2012,0,null,130204739,MADISON,AGGREGATE,TotalLMP,28.87,23.09,,22.85,22.38,22.56,26.49,86.36,27.86,27.87,31.33,41.83,28.3,33.54,41.13,29.69,27.28,30.53,37.02,27.85,26.42,29.39,28.89,25.62,24.39
25.02.2012,0,null,130204739,MADISON,AGGREGATE,TotalLMP,24.64,24.5,,24.72,25.26,26.03,26.21,26.95,26.9,28.68,30.01,32.54,29.96,28.13,27.23,26.76,26.6,28.33,29.22,60.52,31.34,31.88,34.01,30.32,27.74
26.02.2012,0,null,130204739,MADISON,AGGREGATE,TotalLMP,26.58,26.62,,26.36,26.48,25.64,25.83,27.24,26.5,26.25,25.93,24.85,22.8,24.18,22.54,21.98,21.07,21.07,21.03,26.68,29.58,27.37,26.24,24.81,23.47
27.02.2012,0,null,130204739,MADISON,AGGREGATE,TotalLMP,23.25,23.44,,23.13,23.39,23.57,25.56,39.81,40.79,28.35,27.12,27,26.21,25.43,25.41,24.96,24.46,25,25.68,34.14,37.15,28.1,26.41,24.76,22.97
28.02.2012,0,null,130204739,MADISON,AGGREGATE,TotalLMP,21.52,21.7,,22.27,22.48,21.94,24.05,33.8,28.66,27.81,27.1,27.04,25.93,25.44,25.85,25.41,23.41,24.52,23.51,30.86,26.18,24.59,23.57,21.8,20.32
29.02.2012,0,null,130204739,MADISON,AGGREGATE,TotalLMP,21.41,21.15,,20.3,20.75,19.96,21.04,25.23,26.43,26.3,30.1,30.48,28.9,27.11,27,26.48,26.15,26.52,27.22,27.55,32.58,26,25.12,20.8,18.75
01.03.2012,0,null,130204739,MADISON,AGGREGATE,TotalLMP,18.56,18.49,,19.68,19.06,21.02,21.35,32.67,26.8,27.85875,29.42,28.13,29.75,28.39,27.29,26.58,27.17,27.27,25.68,39.9875,33.865,33.37,29.02,24.61,21.98
02.03.2012,0,null,130204739,MADISON,AGGREGATE,TotalLMP,23.63,22.59,,22.58,22.03,22.16,25.05,39.14,31.14,30.41,32.49,32.23,29.46,30.06,29.09,28.83,38.42,30.91,39.86,78.98,32.24,32.21,32.07,25.5,24.84
03.03.2012,0,null,130204739,MADISON,AGGREGATE,TotalLMP,25.43,24,,23.57,23.3,23.69,25.28,26.5,26.3,30.61,33.06,37.9,30.8,27.6,25.17,23.49,24.4,25.59,26.45,42.6,31.93,31.6,28.92,25.96,24.28
04.03.2012,0,null,130204739,MADISON,AGGREGATE,TotalLMP,25.18,29.06,,25.31,25.4,25.79,26.49,26.57,27.65,35.04,43.81,32.81,29.24,31.21,28.25,26.24,25.9,28.49,30.15,76.15,66.42,57.94,40.16,31.93,28.33
05.03.2012,0,null,130204739,MADISON,AGGREGATE,TotalLMP,27.9,27.18,,26.7,27.41,29.82,31.33,80.52,42.77,61.39,75.97,49.17,65.03,40.7,33.18,32.52,30.2,33.41,28.18,81.42,62.09,52.97,45.05,34.05,29.49
06.03.2012,0,null,130204739,MADISON,AGGREGATE,TotalLMP,27.58,24.76,,26.98,26.37,24.82,27.62,39.96,39.44,40.28,34.78,32.37,28.82,28.54,28.07,27.16,26.09,22.17,24.2,29.35,31.32,30.18,26.92,24.8,22.91
07.03.2012,0,null,130204739,MADISON,AGGREGATE,TotalLMP,24.21,22.18,,23.34,23.5,23.22,24.94,28.73,29.02,27.85,25.89,27.04,26.32,25.45,26.1,24.59,23.4,24.24,24.7,33.15,28.81,26.82,24.37,22.1,12.66
08.03.2012,0,null,130204739,MADISON,AGGREGATE,TotalLMP,18.14,18.06,,17.21,16.37,18.02,16.25,22.35,22.61,26.19,25.84,24.81,26.53,24.9,25.48,25.55,25.51,26.05,25.09,29.18,28.56,26.74,25.21,18.9,19.9
09.03.2012,0,null,130204739,MADISON,AGGREGATE,TotalLMP,18.97,18.07,,16.44,15.9,16.29,19.37,25.37,25.52,27.43,26.39,26.62,27.16,26.39,25.93,24.61,23.97,23.55,24.39,33.48,31.8,31.69,27.81,26.07,24.11
10.03.2012,0,null,130204739,MADISON,AGGREGATE,TotalLMP,25.74,27.52,,26.28,24.64,25.5,26.29,29.87,31.48,33.02,30.48,28.44,27.72,24.06,24.36,23.14,22.6,22.52,22.93,31.98,29.59,27.64,26.73,24.68,20.12
11.03.2012,0,null,130204739,MADISON,AGGREGATE,TotalLMP,18.6,19.24,,,23.15,21.72,23.22,24.33,29.12,28.62,26.78,25.61,24.24,23.55,21.57,21.17,19.82,21.16,20.91,19.88,42.26,31.79,27.09,22.44,20.53
12.03.2012,0,null,130204739,MADISON,AGGREGATE,TotalLMP,18.99,18.51,,18.78,18.57,17.51,22.73,45.61,56.74,32.79,55.9,45.82,35.75,37.12,36.25,35.26,31.18,30.81,29.26,27.99,49.08,72.05,28.47,23.37,21.51
13.03.2012,0,null,130204739,MADISON,AGGREGATE,TotalLMP,19.2,14.69,,7.77,13.56,13,16.62,22.61,28.63,27.4,29.37,29.31,28.82,29.29,29.57,28.3,31.92,29.12,25.56,25.25,83.79,71.84,25.73,22.6,20.43
14.03.2012,0,null,130204739,MADISON,AGGREGATE,TotalLMP,15.72,16.66,,14.37,12.09,14.85,16.51,28.92,30.37,27.86,29.08,30.61,30.98,33.16,31.22,33.48,30.76,30.83,28.36,23.51,25.49,28.81,26.13,23.33,20.74
15.03.2012,0,null,130204739,MADISON,AGGREGATE,TotalLMP,16.4,16.19,,13.08,-7.67,12.23,15.76,22.67,27.94,25.39,25.41,28.65,28.19,27.59,26.96,29.41,26.3,25.22,25.2,24.09,29.26,27.12,25.11,21.28,20.67
16.03.2012,0,null,130204739,MADISON,AGGREGATE,TotalLMP,19.44,18.61,,17.44,15.19,17.7,21.23,29.4,30,25.82,26.86,45.33,32.33,30.23,29.36,29.79,26.46,26.06,25.17,23.97,25.59,28.47,26.62,26.35,23.68
17.03.2012,0,null,130204739,MADISON,AGGREGATE,TotalLMP,21.87,22.52,,20.59,20.52,20.16,19.94,20.68,22.98,25.42,30.78,29.83,27.61,36.95,30.42,29.19,30.88,29.94,28.91,26.32,56.52,37.37,27.99,25.59,21.63
18.03.2012,0,null,130204739,MADISON,AGGREGATE,TotalLMP,18.84,14.78,,17.9,13.72,12.16,10.11,17.21,17.16,19,24.24,24.43,27.8,26.63,27.01,25.23,27.75,26.14,25.89,23.64,41.58,51.75,28.44,24.26,22.84
19.03.2012,0,null,130204739,MADISON,AGGREGATE,TotalLMP,22.22,16.9,,17.64,17.49,20.31,13.23,43.65,31.34,26.33,55.24,53.47,54.22,52.89,34.81,34.57,41.3,36.23,31.49,26.65,52.94,69.04,55.17,25.36,25.74
20.03.2012,0,null,130204739,MADISON,AGGREGATE,TotalLMP,23.16,18.89,,19.69,19.13,20.16,23.89,36.1,28.29,27.41,32.36,31.04,35.12,33.14,35.03,40.81,30.6,35.36,33.79,29.26,57.35,83.44,77.26,24.72,24.36
21.03.2012,0,null,130204739,MADISON,AGGREGATE,TotalLMP,24.15,20.41,,19.92,18.69,19.5,21.79,31.52,26.12,27.53,30.1,33.06,39.72,31.82,42.34,44.56,37.89,37.48,57.25,37.98,39.73,37.11,70.07,25.25,23.19
22.03.2012,0,null,130204739,MADISON,AGGREGATE,TotalLMP,23.27,-1.13,,18.67,19.45,19.75,25.39,29.42,30.62,25.61,36.72,43.82,106.55,43.22,35.38,32.21,106.37125,50.02,35.1,30.65,55.79,59.89,79.66,28.36,26.93
23.03.2012,0,null,130204739,MADISON,AGGREGATE,TotalLMP,25.67,20.05,,19.62,19.37,18.11,24.43,33.85,26.39,28.08,29.63,32.29,31.57,35.46,32.92,34.99,49.45,30.24,27.95,25.36,23.34,26.55,26.39,24.37,23.54
24.03.2012,0,null,130204739,MADISON,AGGREGATE,TotalLMP,24.49,23.84,,23.54,21.09,22.18,22.79,22.61,22.57,24.91,28.63,31.43,42.3,30.93,30.3,28.66,27.99,28.99,27.86,19.89,24.47,26.1,23.13,20.22,23.16
25.03.2012,0,null,130204739,MADISON,AGGREGATE,TotalLMP,19.65,15.45,,15.64,-7.01,14.94,12.82,19.22,20.51,21.91,23.2,23.32,24.38,25.65,25.16,22.94,23.23,23.14,23.61,19.2,22.79,28.32,24.5,19.71,19.37
26.03.2012,0,null,130204739,MADISON,AGGREGATE,TotalLMP,13.39,-22.89,,-40.37,-42.23,18.07,22.9,30.16,24.7,25.5,25.94,29.22,25.98,31.21,31.85,26.02,25.75,26.26,26.16,24.3,37.97,62.35,26.92,23.67,22.29
27.03.2012,0,null,130204739,MADISON,AGGREGATE,TotalLMP,22.8,22.34,,22.43,20.8,23.03,26.1,38.48,33.16,29.77,31.19,34.15,37.85,27.92,25.84,25.17,24.79,23.31,24.04,23.16,26.55,38.58,26.39,23.52,21.9
28.03.2012,0,null,130204739,MADISON,AGGREGATE,TotalLMP,18.82,18.21,,20.53,20.4,19.26,21.97,33.46,31.63,28.15,28.28,28.24,28.38,28.04,29.67,28.28,27.38,27.03,25.07,21.3,37.41,31.72,26.34,21.4,20.11
29.03.2012,0,null,130204739,MADISON,AGGREGATE,TotalLMP,19.19,20.11,,17.27,16.6,20.44,22.76,34.09,30.4,31.06,29.68,28.33,29.75,37.13,35.49,33.21,30.42,31.52,27.66,21.83,40.94,31.35,29.8,23.08,22.11
30.03.2012,0,null,130204739,MADISON,AGGREGATE,TotalLMP,20.49,19.5,,19.6,20.87,20.55,21.56,26.53,25.46,25.72,31.05,35.5675,28.6875,28,31.76,28.69,28.3,27.5,24.73,21.56,24.45,26.8,25.91,24.82,23.5
31.03.2012,0,null,130204739,MADISON,AGGREGATE,TotalLMP,23.14,20.82,,20.63,19.93,20.19,19.84,20.51,22.75,27.74,27.85,32.71,31.98,28.32,27.13,25.91,25.63,25.98,25.88,23.06,27.36,32.6,25.37,24.02,21.57
01.04.2012,0,null,130204739,MADISON,AGGREGATE,TotalLMP,19.68,17.85,,17.46,18.08,19.93,14.36,16.96,20.88,23.09,24.03,23.83,23.05,22.9,22.7,22.73,22.25,23.37,25.25,25.02,23.22,25.7,24.66,21.71,18.5
02.04.2012,0,null,130204739,MADISON,AGGREGATE,TotalLMP,16.09,19.15,,15.78,16.79,14.78,21.61,26.93,24.38,28.51,26.87,28.56,28.82,27.32,27,27.27,27.25,25.87,27.45,25.13,31.97,27.21,27.02,24.08,20.78
03.04.2012,0,null,130204739,MADISON,AGGREGATE,TotalLMP,21.01,28.6,,23.57,22.42,23.69,23.47,36.26,32.73,29.3,32.47,33.51,31.44,30.59,34.8,31.28,30.9,28.34,26.99,22.84,25.68,29.21,27.84,23.53,20.02
04.04.2012,0,null,130204739,MADISON,AGGREGATE,TotalLMP,16.76,15.71,,16.38,13.54,14.98,15.5,23.47,21.34,22.16,23.91,25.53,26.39,27.71,28.32,27.08,24.63,23.72,19.51,14.84,20,26.11,22.71,18.67,19.18
05.04.2012,0,null,130204739,MADISON,AGGREGATE,TotalLMP,18.39,15.7,,-47.97,15.05,18.37,18.33,23.14,25.64,24.79,24.59,26.23,26.03875,27.17,26.87,23.75,24.89,23.69,24.55,20.76,24.87,26.15,25.59,23.85,22.43
06.04.2012,0,null,130204739,MADISON,AGGREGATE,TotalLMP,20.69,25.25,,22.63,22.61,22.31,23.62,28.98,25.4,27.8,28.82,30.79,25.95,26.45,25.75,23.64,25.33,25.05,24.02,22.43,23.82,28,27.55,25.36,24.17
07.04.2012,0,null,130204739,MADISON,AGGREGATE,TotalLMP,26.5,26.75,,23.98,24.21,24.48,26.15,26.6,29.69,29.12,30.53,27.55,25.41,27.83,24.61,23.07,22.37,22.25,21.94,22.04,24.16,30.09,29.38,25.35,20.95
08.04.2012,0,null,130204739,MADISON,AGGREGATE,TotalLMP,20.88,18.37,,18.9,20.65,20.51,22.52,21.13,16.34,23.57,22.78,19.43,20.06,21.46,19.86,19.8,18.08,19.12,17.81,18.14,20.65,27.46,23.34,20.85,19.16
09.04.2012,0,null,130204739,MADISON,AGGREGATE,TotalLMP,19.7,20.05,,18.36,15.59,22.57,24.54,44.48,27.6,28.63,31.66,33.01,31.3,35.01,34.55,31.67,35.38,29.93,31.61,27.44,34.72,38.18,28.43,23.63,23.57
10.04.2012,0,null,130204739,MADISON,AGGREGATE,TotalLMP,21.35,20.83,,20.97,21.27,22.56,23.68,32.3,27.3,26.08,25.74,27.87,38.37,29.74,31.68,30.28,26.92,26.97,25.26,26.57,37.2,51.74,30.8,26.93,23.89
11.04.2012,0,null,130204739,MADISON,AGGREGATE,TotalLMP,24.98,22.66,,24.13,24.8,24.54,24.43,40.24,39.56,39.29,42.98,35.31,40.94,36.17,46.58,28.37,29.27,28.9,29.24,28.79,50.7,50.16,42.44,30.21,27.59
12.04.2012,0,null,130204739,MADISON,AGGREGATE,TotalLMP,25.65,24.96,,25.28,28.67,27.35,31.27,71.805,119.7575,41.8025,107.9875,45.8,30.3775,35.2875,31.65,30.59,27.96,27.85,27.57,25.22,25.06,61.81,32.61,25.23,24.88
13.04.2012,0,null,130204739,MADISON,AGGREGATE,TotalLMP,24.79,26.47,,26.91,27.26,29.95,33.73,32.25,33.4,31.87,41.94,35.31,32.2,28.41,29.27,28.22,28.31,27.02,26.3,23.74,26.07,35.51,27.06,25.92,23.44
14.04.2012,0,null,130204739,MADISON,AGGREGATE,TotalLMP,23.81,29.24,,25.26,24.04,23.78,24.08,25.14,28.48,28.95,30.18,32.68,31.68,30.23,29.04,28.01,28.5,28.27,29.16,27.45,26.77,28.71,28.71,24.37,25.66
15.04.2012,0,null,130204739,MADISON,AGGREGATE,TotalLMP,19.76,17.44,,16.69,20.21,13.27,16.23,8.84,3.35,23.2,21.86,21.27,21.73,23.23,24.12,25.96,24.54,27.52,28.12,25.92,26.18,43.93,27.91,24.29,24.38
16.04.2012,0,null,130204739,MADISON,AGGREGATE,TotalLMP,21.63,18.87,,20.11,19.91,21.29,22.59,33.84,29.04,28.73,28.58,28.2,28.46,33.43,32.49,36.88,37.79,29.07,21.88,26.62,26.76,49.55,27.46,26.26,28.55
17.04.2012,0,null,130204739,MADISON,AGGREGATE,TotalLMP,21.18,23.36,,19.73,19.08,19.82,23.36,26.77,30.2,34.93,30.85,28.9,29.61,33.57,32.02,29.95,28.91,29.24,28.17,26.24,26.86,29.79,27.8,23.99,22.52
18.04.2012,0,null,130204739,MADISON,AGGREGATE,TotalLMP,20.18,18.82,,19.39,20.37,20.6,20.72,30.32,25.14,26.11,28.28,27.12,30.52,28.87,26.45,26.11,27.79,26.74,28.06,26.95,27.11,28.94,26.23,21.72,20.15
19.04.2012,0,null,130204739,MADISON,AGGREGATE,TotalLMP,19.26,20.24,,19.44,18.87,20.54,22.75,32.4,30.44,36.01,30.74,29.4,31.49,31.88,30.82,31.1,36.12,37.28,60.42,33.62,28.36,48.63,32.08,24.54,22.21
20.04.2012,0,null,130204739,MADISON,AGGREGATE,TotalLMP,20.73,20.92,,18.51,18.5,19.98,20.42,30.07,29.05,26.73,28.34,28.79,30.61,31.16,33.48,38.59,30.98,30.67,30.3,24.23,23.79,30.4,37.84,23.01,21.49
21.04.2012,0,null,130204739,MADISON,AGGREGATE,TotalLMP,20.37,24.12,,20.63,20.46,21.02,21.14,21.05,21.51,30.73,31.77,29.79,30.43,32.48,33.06,32.44,29.91,31.88,29.18,27.53,27.66,28.57,33.95,25.75,23.4
22.04.2012,0,null,130204739,MADISON,AGGREGATE,TotalLMP,22.57,23.32,,25.06,24.29,21.04,20.82,19.59,19.83,25.53,27.89,27.29,27.41,26.9,26.05,24.73,25.75,33.57,26.22,27.17,28.16,30.15,29.04,25.77,25.54
23.04.2012,0,null,130204739,MADISON,AGGREGATE,TotalLMP,21.89,24.66,,23.38,23.55,21.86,26.12,58.9,33.1,30.61,65.52,34.5,30.62,28.71,29.49,27.97,29.12,31.64,28.49,27.95,23.14,28.54,34.23,31.06,23.96
24.04.2012,0,null,130204739,MADISON,AGGREGATE,TotalLMP,20.38,23.21,,21.95,21.57,26.23,25.81,43.22,33.75,29.21,28.39,28.93,28.22,28.88,28.66,27.74,27.3,26.14,25.31,23.12,28.03,29.92,27.37,21.9,17.28
25.04.2012,0,null,130204739,MADISON,AGGREGATE,TotalLMP,20.05,20.82,,20.58,20.7,20.82,25.27,34.64,35.57,36.52,37.84,33.6,31.55,31.83,31.1,30,27.23,30.66,30.6,29.33,30.77,38.16,33.5,25.54,21.89
26.04.2012,0,null,130204739,MADISON,AGGREGATE,TotalLMP,19.58,20.28,,19.75,19.55,20.8,23.59,30.75,26.18,28.47,30.08,29.65,32.26,26.78,27.88,27.76,26.52,28.16,27.7,27.42,27.32,26.65,25.77,22.3,20.2
27.04.2012,0,null,130204739,MADISON,AGGREGATE,TotalLMP,19.28,18.77,,19.2,18.71,20.63,21.07,28.23,26.67,27.35,30.96,29.84,29,30.27,29.55,28.43,24.16,26.95,25.44,22.72,22.01,31.9,26.81,26.62,23.45
28.04.2012,0,null,130204739,MADISON,AGGREGATE,TotalLMP,19.8,23.73,,22.58,26.3,22,25.2,25.37,41.25,31.6,30.9,30.81,31.15,31.06,29.59,22.93,25.09,26.72,28.26,25.94,25.97,28.37,26.88,25.3,19.6
29.04.2012,0,null,130204739,MADISON,AGGREGATE,TotalLMP,19.54,20.08,,16.65,19.65,19.29,19.86,19.88,21.93,22.25,24.16,25.88,24.17,22.33,21.84,22.19,21.07,22,22.29,23.06,22.32,27.83,26.9,18.69,17.91
30.04.2012,0,null,130204739,MADISON,AGGREGATE,TotalLMP,14.53,15.44,,13.72,8.27,9.8,22.26,27.62,26.98,28.46875,33.2775,44.5775,33.1175,39.3625,33.34625,58.1125,34.13,37.92,39.17,36.41,30.5,34.4,30.89,27.09,25.51
01.05.2012,0,null,130204739,MADISON,AGGREGATE,TotalLMP,23.4,22.82,,21.05,21.61,19.72,25.6,53.46,31.19,37.3,68.69,36.02,37.53,48.84,43.66,37.25,48.99,58.3,61.21,33.54,36.92,41.95,44.98,28.27,24.38
02.05.2012,0,null,130204739,MADISON,AGGREGATE,TotalLMP,21.74,19.83,,19.44,19.02,20.06,20.29,23,24.89,28.54875,27.97875,28.9225,28.65,35.0925,24.1175,66.4725,42.8275,30.41,31.92,28.48,27.13,30.42,37.4,26.05,22.52
03.05.2012,0,null,130204739,MADISON,AGGREGATE,TotalLMP,20.85,8.54,,19.67,16.81,18.48,22.09,25.6,28.43,27.48,27.78,28.17,28.91625,33.49125,34.3125,43.23,48.4,59.01,44.83,60.52875,33.38,46.55,38.73,27.71,23.66
04.05.2012,0,null,130204739,MADISON,AGGREGATE,TotalLMP,21.4,20.92,,-1.18,-8.42,18.94,24.17,24.98,24.78,25.89,26.88875,29.71375,30.89,29.21,34.65,31.21,31.11,32.68,29.59,27.64,27,28.31,28.11,24.1,23.66
05.05.2012,0,null,130204739,MADISON,AGGREGATE,TotalLMP,21.96,24.21,,20.13,18.01,19.2,4.33,19.25,23.4,28.08,37.83,30.05,29.89,33.14,29.96,29.45,29.25,29.5,29.83,29.73,28.37,31.38,26.8,26.16,23.98
06.05.2012,0,null,130204739,MADISON,AGGREGATE,TotalLMP,20.56,20.93,,15.1,15.38,16.08,18.9,-48.92,-24.7,22.55,25.87,26.57,28.05,33.47,31.54,31.1,32.21,34.78,58.79,33.22,31.04,37.8,31.54,25.6,23.42
07.05.2012,0,null,130204739,MADISON,AGGREGATE,TotalLMP,19.83,20.01,,-10.84,18.21,21.34,22.04,29.98,31.29,38.16,44.41,64.79,64.57,54.26875,39.4925,50.78,44.0375,35.16375,49.17625,33.96,31.54,31.73,30.45,26.23,23.58
08.05.2012,0,null,130204739,MADISON,AGGREGATE,TotalLMP,22.25,19.97,,18.76,16.6,21.5,22.53,30.09,26.59,26.85,28.77,29.69,29.43,29.02,29.22,30.97,30.5,31.7,30.29,29.17,29.09,30.32,29.02,25.72,22.68
09.05.2012,0,null,130204739,MADISON,AGGREGATE,TotalLMP,21.67,21.61,,20.49,20.24,20.81,23.23,27.8,31.28,38.8,36.6,32.49,30.78,30.3,28.97,32.21,29.92,30.62,28.29,28.55,28.49,28.77,27.34,23.61,20.72
10.05.2012,0,null,130204739,MADISON,AGGREGATE,TotalLMP,21.25,21.14,,20.45,18.69,21.01,23.22,23.94,25.27,26.47,26.62,27.51,27.22,24.81,27.5,27.53,27.84,29.9,29.18,29.51,28.11,37.7,35.04,23.32,22.52
11.05.2012,0,null,130204739,MADISON,AGGREGATE,TotalLMP,19.88,22.52,,21.32,20.33,21.16,24.72,29.58,31.64,31.57,30.82,29.75,32.58,29.98,29.86,29.88,32.37,35.31,32.46,29.77,27.04,32.58,30.72,27.48,23.65
12.05.2012,0,null,130204739,MADISON,AGGREGATE,TotalLMP,22.71,25.3,,23.46,22.02,22.02,22.42,0.28,22.64,33.5,28.13,28,27.56,27.46,27.55,27.4,27.96,28.04,29.39,28.33,25.81,25.97,29.54,25.53,24.32
13.05.2012,0,null,130204739,MADISON,AGGREGATE,TotalLMP,18.73,19.8,,15.82,16.1,-106.77,-9.41,-118.08,14.27,23.67,23.63,23.01,24.6,26.26,24.95,24.37,23.55,24.31,22.03,22.92,22.95,28.86,27.27,25.08,23.21
14.05.2012,0,null,130204739,MADISON,AGGREGATE,TotalLMP,21.19,20.86,,20.41,19.45,19.9,25.88,28.27,31.72,37.98,35.84,31.2,35.31,45.71,33.16,32.5,28.72,47.13,57.94,36.86,38.05,46.6,46.11,29.74,25.42
15.05.2012,0,null,130204739,MADISON,AGGREGATE,TotalLMP,21.27,21.62,,20.29,20.54,21.77,26.72,31.09,29.42,38.29,34.28,61.56,38.23,69.01,65.25,41.22,46.91,99.45,94.85,38.43,34.98,44.76,38.59,28.04,28.46
16.05.2012,0,null,130204739,MADISON,AGGREGATE,TotalLMP,20.96,20.75,,16.55,12.37,18.95,21.38,23.69,24.79,25.36,26.74,29.24,34.19,31.37,39.87,38.62,40.73,76.93,37.5,31.96,28.46,31.15,31.2,25.83,22.87
17.05.2012,0,null,130204739,MADISON,AGGREGATE,TotalLMP,23.53,24.35,,20.66,20.24,21.29,23.17,26.17,27,27.43,29.61,32.31,30.59,34.79,30.96,29.97,51.25,31.74,30.19,29.37,26.78,30,29,23.94,23.68
18.05.2012,0,null,130204739,MADISON,AGGREGATE,TotalLMP,21.21,23.05,,20.64,20.19,21.39,23.52,32.62,31.14,29.3,29.86,30.48,35.15,33.55,37.56,33.81,50.66,54.09,40.28,33.74,30.72,29.78,28.71,23.55,21.76
19.05.2012,0,null,130204739,MADISON,AGGREGATE,TotalLMP,18.28,20.03,,13.6,1.66,0.97,17.7,-4.07,-5.07,25.06,25.91,27.45,27.4,31.79,30.55,31.21,37.1,78.62,47.79,44.08,35.95,43.12,35.16,28.11,22.49
20.05.2012,0,null,130204739,MADISON,AGGREGATE,TotalLMP,21.74,21.19,,19.48,17.44,11.97,8.85,-10.18,4.25,22.22,24.57,25.78,27.37,28.34,34.91,30.08,32.53,34.08,38.54,33.16,31.59,33.26,36.74,27.63,25.27
21.05.2012,0,null,130204739,MADISON,AGGREGATE,TotalLMP,20.9,20.54,,18.86,18.56,18.88,22,24.81,27.67,27.38,33.79,35.07,33.33,35.29,32.89,29.55,37.84,35.05,40.09,38.74,32.91,39.43,36.3,26,22.84
22.05.2012,0,null,130204739,MADISON,AGGREGATE,TotalLMP,18.62,19.35,,10.6,10.28,11.46,18.25,23.49,24.16,25.1,26.53,30.01,36.75,29.87,30.27,31.13,29.75,28.97,35.63,29.6,26.87,29.35,27.19,25.35,20.99
23.05.2012,0,null,130204739,MADISON,AGGREGATE,TotalLMP,20.6,21.6,,19.76,15.74,19.14,21.82,23.06,23.81,25.74,26.57,31.54,30.92,36.78,33.73,54.52,40.25,34.04,36.56,32.35,29.62,30.94,33.04,28.41,24.43
24.05.2012,0,null,130204739,MADISON,AGGREGATE,TotalLMP,21,20.03,,-2.23,15.68,9.1,20.19,21.43,22.87,25.33,30.1,32.35,53.55,36.82625,76.42,60.04,58.6175,156.925,103.1075,48.145,40.82625,64.89875,69.8,28.79,28.43
25.05.2012,0,null,130204739,MADISON,AGGREGATE,TotalLMP,26.07,24.34,,23.17,22.69,23.4,27.25,28.25,29.63,31.6,32.9075,62.37625,34.8,48.46,124.3,38.22,70.32,158.93,103.69625,51.6,37.93,42.15,35.28,30.34,29.66
26.05.2012,0,null,130204739,MADISON,AGGREGATE,TotalLMP,24.46,22.56,,21.1,16.66,16.78,12.43,7.3,20.87,26.16,28.11,29.75,41.27,34.19375,30.98125,43.96,35.88125,41.49,33.41,31.76,31.25,31.4,29.78,28.02,25.81
27.05.2012,0,null,130204739,MADISON,AGGREGATE,TotalLMP,22.95,22.31,,19.59,20.19,12.89,6.8,7.47,7.55,25.97,25.65,28.23,31.43,30.195,33.31,33.1,32.54,42.66,33.74125,33.36,28.78,28.48,29.44875,29,26.48
28.05.2012,0,null,130204739,MADISON,AGGREGATE,TotalLMP,23.75,21.23,,7.66,17.41,10.9,1.28,2.16,17.37,22.51,26.79,30.48,32.71,36.74875,34.13375,37.34125,55.4625,46.5225,40.4725,49.1425,40,42.6,44.55,29.98,30.28
29.05.2012,0,null,130204739,MADISON,AGGREGATE,TotalLMP,26.98,26.06,,22.66,21.62,21.49,24.36,32.72,33.73,72.2,28.69875,43.305,36.285,52.74,114.62,221.61,185.81375,257.13,211.78875,31.2,32.37,31.89,35.57,25.86,24.23
30.05.2012,0,null,130204739,MADISON,AGGREGATE,TotalLMP,21.64,21.07,,19.29,18.77,18.04,21.3,23.41,24.32,25.48,26.79,28.85,28.52,30.38,31.56,29.06,33.84,47.11,37.03,23.77,27.51,21.65,26.77,23.61,21.08
31.05.2012,0,null,130204739,MADISON,AGGREGATE,TotalLMP,17.24,10.12,,16.7,15.35,15.71,17.57,20.08,21.95,23.84,27,21.49,28.77,31.55,48.81,21.79,22.13,20.4,23.8,28.29,28.1,29,31.14,25.5,22.7
01.06.2012,0,null,130204739,MADISON,AGGREGATE,TotalLMP,18.93,19.56,,15.14,15.68,16.03,19.32,20.38,24.46,25.58,26.57,27.05,25.76,24.72,25.31,24.49,23.14,23.23,22.61,21.75,22.51,24.38,23.21,19.16,17.89
02.06.2012,0,null,130204739,MADISON,AGGREGATE,TotalLMP,17.24,21.71,,15.51,14.68,14.43,14.42,8.14,16.26,20.76,23.07,24.26,23.39,24.26,24.15,22.81,22.04,22.03,22.25,21.66,19.94,21.92,24.46,19.56,15.83
03.06.2012,0,null,130204739,MADISON,AGGREGATE,TotalLMP,14.37,15.27,,14.12,14.67,14.46,-2.19,-6.65,12.02,16.86,19.25,21.52,23.5,23.24,25.46,25.66,25.28,26.57,27.14,25.5,25.44,25.41,26.73,22.51,20.25
04.06.2012,0,null,130204739,MADISON,AGGREGATE,TotalLMP,17.42,15.51,,10.98,14.46,16.87,13.59,18.23,23.1,24.8,26.4,28.17,29.65,29.46,28.3,28.53,28.45875,31.39,28.63625,26.6225,26.74,26.59,23.51,20.09,11.76
05.06.2012,0,null,130204739,MADISON,AGGREGATE,TotalLMP,18.19,9.79,,10.43,12.13,15.12,13.09,16.5,18.89,21.5,22.96,21.85,22.88,21.9,21.82,22.07,22.34,22.25,21.63,21.93,21.84,22.07,21.99,17.51,14.98
06.06.2012,0,null,130204739,MADISON,AGGREGATE,TotalLMP,14.4,14.79,,0,13.04,14.87,10.17,15.08,19.86,22.36,24.02,24.4,24.41,25.18,26.01,26.2,26.31,27.93,29.05,27.12,25.44,24.79,25.36,21.39,21.05
07.06.2012,0,null,130204739,MADISON,AGGREGATE,TotalLMP,19.38,19.15,,18.55,16.18,19.46,20.16,21.18,23.91,26.55,29.21,29.69,27.84,29.37,33.71,37.15,43.46,43.44,36.61,34.79,31.68,28.86,30.32,23.67,22.71
08.06.2012,0,null,130204739,MADISON,AGGREGATE,TotalLMP,19.54,14.66,,0.74,6.22,14.99,18.13,21.19,22.79,23.88,27.06,26.94,28,28.89,28.89,32.32,38.31,41.4,34.49,34.25,31.05,29.74,28.77,25.13,22.23
09.06.2012,0,null,130204739,MADISON,AGGREGATE,TotalLMP,20.88,17.19,,7.97,0.35,0,-11.15,-15.67,13.56,21.04,23.28,24.24,25.8,25.16,25.26,27.1,27.18,27.88,29.07,29.42,27.92,26.23,26.1,21.8,21.22
10.06.2012,0,null,130204739,MADISON,AGGREGATE,TotalLMP,19.04,19.46,,16.69,15.03,11.63,12.1,-5.83,11.98,18.39,20.99,24.39,27.91,35.02,27.79,29.33,33.53,51.5,65.11,31.09,30.16,27.84,29.54,26.29,23.84
11.06.2012,0,null,130204739,MADISON,AGGREGATE,TotalLMP,20.77,19.88,,18.27,15.79,15.41,18.67,21.85,24.28,25.72,27.29,27.81,32.75,36.32,39.13,32.85,32.45,34.77,35.7,32.75,32.61,31.66,30.31,24.62,23.26
12.06.2012,0,null,130204739,MADISON,AGGREGATE,TotalLMP,22.5,21.59,,19.59,15.3,16.54,19.88,21.54,24.84,25.35,26.42,32.09,31.43,27.33,40.92,47.975,46.1275,42.01875,41.125,34.3625,26.88125,25.9775,25.06,22,19.82
13.06.2012,0,null,130204739,MADISON,AGGREGATE,TotalLMP,18.31,12.75,,1.93,6.93,9.52,12.45,17.27,21.14,22.76,23.12,24.86,25.97,27.05,26.4,26.39,28.63,30.5,37.91,33,22.97,23.33,23.76,20.75,17.3
14.06.2012,0,null,130204739,MADISON,AGGREGATE,TotalLMP,18.45,15.72,,0,7.72,0.03,10.69,12.37,17.49,21.2,24.9,25.84,25.87,26.13,26.37,29.04,31.64,33.71,30.8,29.23,27.94,27.16,27.52,23.03,21.06
15.06.2012,0,null,130204739,MADISON,AGGREGATE,TotalLMP,19.63,16.3,,-31.79,-3.16,14.51,15.52,11.66,23.07,26.34,27.65,31.21,29.89,30.63,35.32,94.27,40.84,111.18,84.45,44.98,40.98,30.27,29.06,23.36,22.92
16.06.2012,0,null,130204739,MADISON,AGGREGATE,TotalLMP,22.45,22.53,,20.29,17.67,18.03,13.59,10.76,19.7,21.99,24.39,27.97,29.43,39.83,41.62625,29.3775,32.48875,33.085,34.75375,30.02875,27.83875,25.43,24.96,24.85,22.98
17.06.2012,0,null,130204739,MADISON,AGGREGATE,TotalLMP,21.96,20,,14.57,6.59,0.84,2.62,0,7.47,17.95,17.51,20.39,23.32,25.23,24.46,25.08,25.25,25.51,25.85,25.47,24.59,24.6,24.01,20.63,18.05
18.06.2012,0,null,130204739,MADISON,AGGREGATE,TotalLMP,17.66,1.47,,-26.02,1.68,12.15,-15.78,12.57,18.22,22.76,24.99,25.95,26.61,29.6975,13.74,8.68,28.33125,5.8,14.21,16.83,24.7,27.36,27.46,24.61,20.59
19.06.2012,0,null,130204739,MADISON,AGGREGATE,TotalLMP,21.07,20.12,,18.7,17.79,16.52,19.08,20.41,21.81,25.27,26.61,28.54625,29.9375,24.99875,20.50875,7.8675,29.25375,109.00875,67.11125,53.92125,38.1275,34.1,33.15,29.17,27.6
20.06.2012,0,null,130204739,MADISON,AGGREGATE,TotalLMP,23.31,21.47,,19.04,17.94,17.73,17.94,20.23,20.03,28.24,36,34.52625,49.7825,36.3075,34.0075,34.9675,69.7975,74.56875,99.69,94.03,55.555,46.39,81.52,30.74,30.47
21.06.2012,0,null,130204739,MADISON,AGGREGATE,TotalLMP,25.55,20.98,,20.54,18.92,19.37,20.69,21.81,22.62,28.33,32.82,49.3475,39.48375,36.2725,39.285,40.67,40.25375,61.7675,38.49,44.96,62.14,55.67,42.21,42.09,27.02
22.06.2012,0,null,130204739,MADISON,AGGREGATE,TotalLMP,22.7,20.82,,20.07,20.26,20.84,21.4,23.18,23,28.18,28.08,27.72625,28.8525,30.4825,33.32,35.35,35.1825,32.03625,30.9875,28.25875,28.06875,26.05,25.42,24.97,22.39
23.06.2012,0,null,130204739,MADISON,AGGREGATE,TotalLMP,20.26,23.71,,21.64,20.04,20.46,17.54,15.92,19.62,24.58,28.2,37.57,31.38,39.16,31.71,35.87,36.06,45.19,41.62,34.28,29.58,28.39,28.78,23.66,24.29
24.06.2012,0,null,130204739,MADISON,AGGREGATE,TotalLMP,22.01,19.01,,21.13,19.33,15.27,1.09,0,8.53,20.26,25.05,28.46,36.25,31.77,39.41,56.84,92.42,37.96,84.55,35.08,114.84,40.81,45.38,31.93,26.3
25.06.2012,0,null,130204739,MADISON,AGGREGATE,TotalLMP,24.41,23.18,,20.78,20.22,20.61,25.3,25.95,29.76,35.97,32.77,35.26,46.95,76.69,68.69,34,42.2,40.67,37.21,30.5,27.5,26.71,24.32,21.63,20.77
26.06.2012,0,null,130204739,MADISON,AGGREGATE,TotalLMP,17.76,16.96,,3.99,10.14,9.05,19.2,18.47,19.71,20.19,25.85,26.85,24.6,26.72,27.6,28.55,29.57,33.03,34.45,30.28,27.89,29.6,29.63,22.28,19.01
27.06.2012,0,null,130204739,MADISON,AGGREGATE,TotalLMP,19.05,19.01,,8.48,-0.84,0,6.79,11.74,19.74,22.6,27.1,27.17,26.95,28.15,33.14,34.3575,40.77,45.99,44.85,44.20125,33.96625,33.01,29.31,25.43,22.53
28.06.2012,0,null,130204739,MADISON,AGGREGATE,TotalLMP,21.74,10.66,,16.34,-2.45,-10.72,8.14,17.48,16.24,21.49,26.04,30.74,30.18,29.52,33.72,46.8,68.1,68.97875,52.36,49.11,38.08,38.8825,42.02,34.28,33.3
29.06.2012,0,null,130204739,MADISON,AGGREGATE,TotalLMP,29.9,28.24,,24.2,23.92,22.77,23.51,24.22,26.3175,30.64375,33.0625,34.06,31.61,46.23,48.07,56.1,43.17625,36.85,22.38,21.66,20.95,21.69,23.9,20.48,19.79
30.06.2012,0,null,130204739,MADISON,AGGREGATE,TotalLMP,20.12,19.38,,17.98,7.57,0,0,0,13.86,20.05,17.4,24.55,26.55,28.92,31.05,32.66,34.11,36.79875,37.9325,35.95,32.79,28.49,27.25,26.58,22.45
01.07.2012,0,null,130204739,MADISON,AGGREGATE,TotalLMP,23.16,23.33,,20.8,17.58,12.4,5.71,4.09,19.67,23.26,25.94,36.73,33,33.55,30.935,27.26,35.27,46.49,39.7575,33.27,32.14,31.04,28.96,26.63,24.08
02.07.2012,0,null,130204739,MADISON,AGGREGATE,TotalLMP,20.43,19.9,,18.91,18.79,18.86,19.88,18.67,21.2,25.39,26.55,33.80875,37.46125,35.23125,33.09125,47.17125,33.57,40.63,42.885,45.83,37.63,40.73,56.24,28.48,22.68
03.07.2012,0,null,130204739,MADISON,AGGREGATE,TotalLMP,21.65,21.95,,21.01,18.82,19.75,20.78,22.8,25.42,27.25,39.14,31.55375,33.46,39.09,64.52,37.36,43.11875,41.16,37.39,32.35,30.515,34.74,35.22,30.99,28.95
04.07.2012,0,null,130204739,MADISON,AGGREGATE,TotalLMP,25.39,23.36,,22.9,20.65,19.37,20.32,14.09,16.09,25.38,31.82,39.27,40.02,52.9375,32.8675,43.39375,87.80625,101.18,70.2125,75.05,41.4725,50.85375,52.42,37.87,34.03
05.07.2012,0,null,130204739,MADISON,AGGREGATE,TotalLMP,28.58,25.3,,24.28,23.58,23.24,24,26.11,29.68,38.39,67.97875,49.84,29.8,39.74,70.64,104.34,214.37,59.18,58.89,23.45,29.2975,52.47375,33.26125,35.52,34.01
06.07.2012,0,null,130204739,MADISON,AGGREGATE,TotalLMP,29.05,27.9,,25.08,23.9,23.06,24.08,26.21,31.31,41.89,29.16,29.35,45.06,68.14,134.6,252.34,282.2575,188.33,235.24,371.20875,229.65,216.38,93.18,40.62,44.3
07.07.2012,0,null,130204739,MADISON,AGGREGATE,TotalLMP,33.77,33.07,,33.73,27.05,25.84,24.25,22.76,26.69,32.45,47.6825,59.2775,45.9625,46.20625,38.55,58.72,65.64,94.56,125.36,38.55,29.89,34.35,50.73,39.8,33.43
08.07.2012,0,null,130204739,MADISON,AGGREGATE,TotalLMP,30.66,31.01,,28.47,27.07,25.34,24.68,25.98,27.19,29.72,32.88,36.17,29.09,36.96,36.6875,50.06,61.92,77.95,39.83,51.05,37.77,32.58,34.44,31.39,29.31
09.07.2012,0,null,130204739,MADISON,AGGREGATE,TotalLMP,24.3,23.28,,23.23,21.42,22.84,25.11,25.15,28.25,29.77,33.5,32.56,27.53,23.44,30.83875,29,40.59,65.94,92.64875,47.33,36.65,41.33,39.54,29.86,27.33
10.07.2012,0,null,130204739,MADISON,AGGREGATE,TotalLMP,23.54,24.47,,22.97,20.95,21.37,24.16,26.79,27.59,29.67,30.02,30.85,50.15375,39.06,42.42,42.49,44.6,44.22,49.88,39.2825,39.67,41.34,34.69,29.65,24.58
11.07.2012,0,null,130204739,MADISON,AGGREGATE,TotalLMP,15.03,21.14,,20.42,20,20.88,22.23,22.87,25.09,27.43,28.34,34.77,32.01,32.1875,33.53,46.5175,44.55,64.39,50.81,38.81,38.28,39.9,41.1,31.28,26.33
12.07.2012,0,null,130204739,MADISON,AGGREGATE,TotalLMP,23.58,22.17,,20.91,20.61,20.32,22.38,25.5,26.79,28.29,29.09,52.79,36.06625,63.88,57.15,44.39,53.28125,83.28,44.77,48.49,34.72125,37.38,43.19,32.28,27.59
13.07.2012,0,null,130204739,MADISON,AGGREGATE,TotalLMP,23.3,24.24,,22.62,21.17,20.61,23.01,26.68,27.53,28.73,29.66,31.89,39.58,42.29375,41.14,30.59,33.48,29.33,31.04,29.33,30.01,35.03,34.93,29.33,28.22
14.07.2012,0,null,130204739,MADISON,AGGREGATE,TotalLMP,25.14,24.78,,24.07,22.86,22.02,20.91,21.12,17.94,25.5,27.2,28.9,33.08,35.51875,36.9925,29.19,27.97,30.27,36.17,29.28,29.74,30.48,31.11,26.53,26.61
15.07.2012,0,null,130204739,MADISON,AGGREGATE,TotalLMP,23.95,23.42,,21.92,6.21,20.11,19.28,19.59,21.7,21.36,27.32,31.31,42.765,48.345,124.74,38.47,44.33,39.97,40.41,46.2,43.18,37.09125,35.72,28.8,26.23
16.07.2012,0,null,130204739,MADISON,AGGREGATE,TotalLMP,24.3,24.31,,23.71,22.61,21.31,23.41,25.81,27.86,33.64,39.28,43.1625,45.33,35.88,58.29,83.51,47.44,84.74,59.83,45.54,47.9,41.8,46.73,44.05,36.26
17.07.2012,0,null,130204739,MADISON,AGGREGATE,TotalLMP,28.41,26.98,,24.23,23.88,22.94,26.04,27.25,31.21,45.86,92.58375,146.2,44.65,105.93,304.17,81.11,222.3025,171.79,109.8,176.16,125.73,131.57,91.7,53.83,53.93
18.07.2012,0,null,130204739,MADISON,AGGREGATE,TotalLMP,38.21,34.03,,27.51,25.01,27.12,29.1,32.31,40.12,94.63,60.44,172.85125,211.26,287.65125,202.45,67.05,63.7,34.23,30.11,33.2,40.6,42.19,41.73,37.92,32.77
19.07.2012,0,null,130204739,MADISON,AGGREGATE,TotalLMP,26.48,24.62,,24.08,21.09,22.76,24.65,28.02,30.5,30.13,29.72,32.39,31.07,32.48,34.44,36.67,41.98,41.09,70.36,34.59,33.86,35.7,32.64,27.94,27.23
20.07.2012,0,null,130204739,MADISON,AGGREGATE,TotalLMP,24.21,25.18,,23.54,21.44,23.13,25.36,26.32,27.31,28.02,28.25,28.26,28.75,29.45,29.11,29.76,30.1,30.15,30.13,29.07,27.94,28.12,27.8,23.35,22.11
21.07.2012,0,null,130204739,MADISON,AGGREGATE,TotalLMP,15.12,23.36,,20.96,15.93,12.42,18.05,12.82,21.07,23.45,24.96,25.98,27.68,28.04,27.88,29.64,29.8,30.49,30.91,30.8,29.36,29.42,28.02,26.53,24.64
22.07.2012,0,null,130204739,MADISON,AGGREGATE,TotalLMP,22.15,20.5,,18.64,18.06,13.38,-5.61,0,12.15,23.98,24.14,27.73,31.5,30.67,31.36,34.9875,34.9425,63.09,39.85,46.87,35.76,37.11,35.35,28.83,25.96
23.07.2012,0,null,130204739,MADISON,AGGREGATE,TotalLMP,23.13,24.61,,23.85,23.18,23.32,26,26.68,27.58,30.2,33.72,72.36375,53.1225,65.56,72.53,83.65,58.98,118.84875,223.4,128.44,125.645,240.35,157.38,59.14,35.87
24.07.2012,0,null,130204739,MADISON,AGGREGATE,TotalLMP,29.53,25.82,,24.82,24.89,26.6,28.28,30.08,30.39,31.5,29.4,32.84,32.93375,30.28,29.37,33.99,36.97,40.29,42.13,33.32,39.15,37.435,35.18,29.97,26.58
25.07.2012,0,null,130204739,MADISON,AGGREGATE,TotalLMP,25.62,24.62,,21.38,19.64,19.97,23.57,23.93,24.54,27.09,29.65,33.59,34.26375,35.72,40.99,41.17,71.15,92.14125,55.67,54.35,38.64,43.49,51.55,35.77,30.4
26.07.2012,0,null,130204739,MADISON,AGGREGATE,TotalLMP,26.51,25.89,,23.53,23.5,22.68,25.02,20.09,22.49,28.13,30.77,32.50875,31.9675,32.53,36.56,35.75,32.38,36.14,39,33.81,33.3,33.89375,33.32,28.74,27.7
27.07.2012,0,null,130204739,MADISON,AGGREGATE,TotalLMP,27.11,23.98,,23.58,20.05,21.64,24.21,26.17,26.31,28.52,30.6,29.32875,31.58875,33.20375,36.935,58.82,38.98,54.21,42.16,34.05,32.84,32.05,31.38,28.03,26.33
28.07.2012,0,null,130204739,MADISON,AGGREGATE,TotalLMP,25.08,26.2,,24.71,22.31,21.95,20.43,21.48,22.84,26.95,27.65,32.07,37.71,30.13,31.34,34.34,34.91,36.13,47.28,36.54,29.55,29.43,28.55,26.75,25.82
29.07.2012,0,null,130204739,MADISON,AGGREGATE,TotalLMP,22.76,22.22,,17.78,20.39,9.03,16.66,1.55,5.91,23.89,25.2,26.69,28.17,30.16,30.44,31.01,34.33,39,42.74,33.34,32.91,31.52,30.38,26.97,24.99
30.07.2012,0,null,130204739,MADISON,AGGREGATE,TotalLMP,23.12,22.54,,20.93,19.98,20.93,23.85,25.29,25.79,27.63,30.9,34.98,44.41,35.99625,36.6875,75.29,59.43,63.4525,58.8,38.98,38.45,37,40.09,29.73,27.54
31.07.2012,0,null,130204739,MADISON,AGGREGATE,TotalLMP,26.49,25.8,,24.38,21.57,22.13,23.49,26.12,25.81,28.42,29.24,32.38,35.28,43.645,46.385,56.32,57.35,96,42.25,36.92,37.64,40.38,36.12,29.96,27.26
01.08.2012,0,null,130204739,MADISON,AGGREGATE,TotalLMP,25.07,24.42,,22.5,20.81,21.78,24.62,21.3,24.77,28.3,30.22,35.13,37.03,42.81,52.465,53.74,68.54,99.33,93.67,43.43,40.18625,40.87,43.41,31.15,27.71
02.08.2012,0,null,130204739,MADISON,AGGREGATE,TotalLMP,25.59,23.43,,20.79,18.61,13.93,23.59,25.06,25.59,28.63,32.19,36.95,46.36,45.74,51.02,52.64,69.74,52.63,56.8,50.82,40.74,43.05,45.5,32.83,31.46
03.08.2012,0,null,130204739,MADISON,AGGREGATE,TotalLMP,28.12,25.16,,22,20.32,20.54,24.06,25.47,25.16,29.17,30.63,35.83,36.95875,81.74375,44.71,34.38,36.12,49.22,38.02,36.61,38.43,42.97,40.62,33.1,29.65
04.08.2012,0,null,130204739,MADISON,AGGREGATE,TotalLMP,24.33,26.51,,24.34,22.23,22.69,21.9,22.3,24,28.55,36.05,40.65,68.53,39.47,58.0675,49,93.53,37.19,37.68,37.1,33.24,57.54,40.48,37.11,27.91
05.08.2012,0,null,130204739,MADISON,AGGREGATE,TotalLMP,24.47,24.95,,23.18,22.91,21.64,20.19,17.97,15.45,24.54,29.87,25.54,30.02,27.22,31.64,36.41,41.99,45.57,29.69,29.61,31.13,34.15,31.64,27.76,25.56
06.08.2012,0,null,130204739,MADISON,AGGREGATE,TotalLMP,21.64,20.71,,20.73,20.22,19.9,21.82,23.73,22.7,24.93,26.22,21.3,22.96,30.68,32.81,36.34875,37.48625,43.8175,42.915,32.83,34.95,29.53,31.74,25.31,19.48
07.08.2012,0,null,130204739,MADISON,AGGREGATE,TotalLMP,10.82,19.77,,12.18,7.5,19.45,21.14,22.75,22.74,24.91,25.21,28.71,30.72,31.96,35.59,37.96,40.8325,43.6125,51.83,37.68,34.72,36.19,36.76,28.44,25.75
08.08.2012,0,null,130204739,MADISON,AGGREGATE,TotalLMP,24.09,23.9,,20.26,19.63,18.95,22.2,22.09,22.58,24.96,27.86,30.09,34.59,34.74,39.24,37.28625,40.7275,40.1475,39.17875,37.27,33.2,33.38,35.74,27.51,26.07
09.08.2012,0,null,130204739,MADISON,AGGREGATE,TotalLMP,20.39,23.58,,20.02,21.45,21.18,23.46,22.89,24.04,26.28,27.66,28.7,28.61,27.82,29.43,29.66,24.35,17.34,27.93,26.37,25.78,28.85,27.95,26.32,20.65
10.08.2012,0,null,130204739,MADISON,AGGREGATE,TotalLMP,21.35,21.83,,20.56,19.48,20.44,21.72,25.56,29.75,24.93,26.13,25.97,27.21,26.26,23.77,26.44,25.94,25.02,24.51,25.1,25.79,26.08,25.81,23.4,22.76
11.08.2012,0,null,130204739,MADISON,AGGREGATE,TotalLMP,21.97,23.17,,23.38,21.27,3.49,20.88,19.72,8.98,22.64,25.1,27.69,25.9,26.27,25.61,25.58,26.95,26.16,27.37,27.91,27.22,27.51,26.9,23.8,22.73
12.08.2012,0,null,130204739,MADISON,AGGREGATE,TotalLMP,17.83,20.49,,8.6,17.16,3.08,1.41,10.66,4.33,19.19,22.04,23.27,26.07,26.36,26.75,26.75,27.89,30.58,29.38,28.29,28.55,29.33,27.7,25.1,23.11
13.08.2012,0,null,130204739,MADISON,AGGREGATE,TotalLMP,22.57,21.76,,20.77,20.26,19.71,22.58,22.82,23.71,24.32,26.09,30.77,30.27,31.4,29.43,30.76,25.89,33.16,28.97,28.26,28.84,30.2,28.75,24.42,22.08
14.08.2012,0,null,130204739,MADISON,AGGREGATE,TotalLMP,21.53,21.83,,-7.44,14.19,18.97,21.81,23.11,22.23,23.21,25.21,27.06,25.64,23.23,24.91,28.86,25.68,25.83,28.58,28.18,27.91,26.85,27.86,25.63,11.92
15.08.2012,0,null,130204739,MADISON,AGGREGATE,TotalLMP,20.04,22.31,,22.97,21.07,21.01,22.92,24.55,23.7,24.62,22.82,27.46,28.25,29.5,30.99,31.53,32,32.32,33.28,32.81,30.35,31.94,29.73,24.98,23.65
16.08.2012,0,null,130204739,MADISON,AGGREGATE,TotalLMP,20.05,16.2,,14.59,14.21,16.86,21.88,22.41,21.39,24.06,25.86,27.16,28.14,28.81,29.64,30.5,30.91,30.82,25.62,28.28,28.01,29.87,28.34,23.19,21.86
17.08.2012,0,null,130204739,MADISON,AGGREGATE,TotalLMP,21.15,18.63,,18.89,11.44,15.73,22.14,23,22.78,24.34,26.02,27.28,28.25,28.58,29.34,26.35,27.36,30.1,29.8,27.61,27.53,26.75,25.5,21.15,22.8
18.08.2012,0,null,130204739,MADISON,AGGREGATE,TotalLMP,23.62,25.36,,23.04,21.66,21.2,21.44,20.66,19.98,21.87,24.05,24.96,25.58,25.84,26.36,26.88,26.89,28.56,29.79,28.98,25.45,26.66,25.87,22.11,21.9
19.08.2012,0,null,130204739,MADISON,AGGREGATE,TotalLMP,22.05,20.91,,19.7,13.84,17.45,19.54,16.31,4.76,15.34,19.04,21.3,23.08,22.27,22.45,22.44,23.26,24.61,24.57,24.54,24.78,26.14,25.07,22.46,22.22
20.08.2012,0,null,130204739,MADISON,AGGREGATE,TotalLMP,20.57,19.82,,17.35,18.28,19.94,23.62,23.48,22.53,23.74,27.83,30.03,33.33,26.8,28.94,29.04875,29.91875,29.44,29.32,28.27,26.29,27.97,25.59,21.28,19.14
21.08.2012,0,null,130204739,MADISON,AGGREGATE,TotalLMP,18.46,17.75,,2.18,0,9.55,15.83,21.39,21.09,22.16,23.45,25.69,26.06,26.74,27.56,28.29,26.34,28.76,29.27,29.27,27.51,29.9,25.77,23.49,21.02
22.08.2012,0,null,130204739,MADISON,AGGREGATE,TotalLMP,20.69,20.8,,17.46,7.51,20.91,20.84,22.41,21.71,22.88,25.58,31.16,28.93,34.62,31.77,36.63,36.94,33.32,53.4,35.29,32.53,37,28.93,22.83,21.94
23.08.2012,0,null,130204739,MADISON,AGGREGATE,TotalLMP,21.78,20.09,,17.38,18.49,18.97,21.94,24.36,23.12,25.19,33.11,30.31,35.99,46.13,51.19,117.44,43.39875,122.3625,50.07875,68.8475,37.81625,66.9575,38.9725,27.5725,24.31
24.08.2012,0,null,130204739,MADISON,AGGREGATE,TotalLMP,22.46,21.8,,20.29,19.42,20.77,22.39,24.89,24.27,25.03,27.28,33.46,35.87,35.17,38.29625,71.605,33.0675,36.6275,34.70125,36.27625,33.97,36.59,30.1,26.24,25.19
25.08.2012,0,null,130204739,MADISON,AGGREGATE,TotalLMP,23.27,23.88,,24.22,23.05,21.27,23.86,24.56,22.06,24.61,28.95,31,36.76,32.53,51.48,34.4,31.6,32.88,36.58,29.75,30.96,29.25,28.04,23.67,23.07
26.08.2012,0,null,130204739,MADISON,AGGREGATE,TotalLMP,22.08,20.62,,18.91,16.55,-3.31,-17.8,18.33,13.14,18.79,22.7,23.98,26.75,30.78,33.87,34.92,32.29,34.74,36.16,35.61,30.57,45.41,28.97,24.97,23
27.08.2012,0,null,130204739,MADISON,AGGREGATE,TotalLMP,17.12,22.25,,21.54,20.82,21.57,24.82,29.48,27.3,28.85,30.97,34.68,42.12,49.71,43.93875,58.86625,44.1175,61.28875,106.59875,76.96875,37.11,84.9,33.66,29.43,27.08
28.08.2012,0,null,130204739,MADISON,AGGREGATE,TotalLMP,23.96,23.28,,23.72,21.42,22.69,27.99,31.98,24.79,26.93,36.84,43.29,45.28,53.47,44.62,54.37,52.63875,56.57875,42.79875,35.62875,33.10875,36.34,31.46,25.36,24.12
29.08.2012,0,null,130204739,MADISON,AGGREGATE,TotalLMP,21.4,21.04,,19.54,18.75,19.86,23.26,24.59,23.5,24.84,26.92,31.76,32.93,35.75,41.33,54.16,55.52,68.25,51.32,37.74,30.48,34.38,30.19,26.04,23.17
30.08.2012,0,null,130204739,MADISON,AGGREGATE,TotalLMP,21.22,21.42,,20.06,18.83,17.75,-22.32,25.55,22.92,22.35,26.57,30.63,31.56,40.54,44.955,55.13,62.02,53.71,43.67,36.67,33.83,38.99,30.68,27.07,24.35
31.08.2012,0,null,130204739,MADISON,AGGREGATE,TotalLMP,22.56,22,,8.6,7.3,16.04,22.09,27.12,23.44,24.74,29,39.01,48.67,42.36,49.33875,167.44,231.7075,173.38,130.96,39.07,43.95,69.8,41.94,32.38,29.41
01.09.2012,0,null,130204739,MADISON,AGGREGATE,TotalLMP,27.93,29.89,,25.02,23.93,23.25,23.83,23.3,22.98,27.26,31.19,32.4,31.89,36.76,51.88,78.89,33.16,31.71,32.82,27.77,31.12,33.23,30.7,29.19,28.21
02.09.2012,0,null,130204739,MADISON,AGGREGATE,TotalLMP,25.32,24.84,,23.54,22.97,22.64,22.43,21.99,22.53,26.58,26.77,28.89,34.27,34.78,35.2,33.48,31.35,33.23,37.34,34.65,32.74,34.47,30.7,27.25,25.04
03.09.2012,0,null,130204739,MADISON,AGGREGATE,TotalLMP,23.83,23.89,,22.71,21.96,21.08,21.9,23.05,22.86,24.89,31.52,36.53,41.55,49.02,48.42,35.96,37.4875,53.42875,86.7975,38.715,96.8525,114.03,36.77,29.13,27.28
04.09.2012,0,null,130204739,MADISON,AGGREGATE,TotalLMP,27.51,25.66,,23.26,23.38,25.48,31.36,68.88,34.37,37.82,52.36,34.99,70.025,36.2525,126.39,39.09,171.59,106.07,102.56,64.82375,107.16,222.01,85.31,44,32.43
05.09.2012,0,null,130204739,MADISON,AGGREGATE,TotalLMP,27.77,26.34,,25.92,24.22,27.18,39.3,94.38,31.04,31.68,36.13,44.1,65.72,53.52,67.61875,64.07,60.08,84.72,70.92,45.37,38.66,86.81,38.94,30.81,29.93
06.09.2012,0,null,130204739,MADISON,AGGREGATE,TotalLMP,27.77,24.96,,22.93,22.92,23.27,29.71,28.96,28.05,29,33.48,31.78,33.15,32.29,91.12375,74.9225,114.885,83.7,44.45375,41.27,36.56,41.01,36.39,28.73,25.32
07.09.2012,0,null,130204739,MADISON,AGGREGATE,TotalLMP,24.36,21.87,,20.97,20.99,20.84,23.2,27.88,27.34,28.2975,28.47875,29.2775,41.4775,40.135,36.0475,43.91625,58.375,54.735,42.1375,35.69,34.47,44.24,35.97,28.68,25.93
08.09.2012,0,null,130204739,MADISON,AGGREGATE,TotalLMP,30.1,28.42,,27.53,25.33,24.86,25.85,28.03,25.35,29.12,30.82,30.77,43.84,38.29,33.26,26.37,27.52,26.25,28.79,26.61,25.64,27.9,25.91,22.56,21.84
09.09.2012,0,null,130204739,MADISON,AGGREGATE,TotalLMP,19.49,24.37,,18.75,7.69,17.29,11.54,13.24,9.42,20.84,23.49,23.7,25,25.81,24.89,26.78,27.59,28.51,29.85,26.15,29.32,32.88,26.61,19.66,20.21
10.09.2012,0,null,130204739,MADISON,AGGREGATE,TotalLMP,13.41,9.01,,8.72,13.58,18.03,23.92,29.27,21.26,22.67,27.02,27.1,27.8,27.31,28.36,27.85,28.2,27.31,27.28,26.8,27.72,28.92,23.84,18.71,18.67
11.09.2012,0,null,130204739,MADISON,AGGREGATE,TotalLMP,5.9,3.72,,-11.88,-5.73,-4.51,17.15,24.66,22.89,23.98,25.82,28,25.87,24.81,29.97,30.28,30.07,31.77,31.54,30.61,29.04,31.03,27.35,18.13,19.23
12.09.2012,0,null,130204739,MADISON,AGGREGATE,TotalLMP,19.08,20.13,,17.15,16.61,19.9,24.4,26.97,26.9,28.13,29.27,30.65,35.19,34.88,30.93,36.02,40.08,136.81,36.73,36.13,39.35,37.42,28.78,24.01,23.34
13.09.2012,0,null,130204739,MADISON,AGGREGATE,TotalLMP,23.59,20.09,,19.53,20.06,20.31,23.52,27.37,26.99,28,28.76,28.51,31.34,32.91,35.45,35.95,43.21,41.42,36.2,29.4,34.5,32.67,28.48,24.04,24.5
14.09.2012,0,null,130204739,MADISON,AGGREGATE,TotalLMP,23.55,23.28,,22.81,12.45,17.4,25.8,30.02,30.8,30.63,37.11,34.43,39.52,52.235,38.605,33.14875,30.69,31.06,30.59,29.08,30.08,31.46,26.94,23.81,23.36
15.09.2012,0,null,130204739,MADISON,AGGREGATE,TotalLMP,24.18,26.49,,26.33,25.76,23.35,23.7,24.52,21.79,27.87,31.8,30.64,28.56,29.6,29.31,31.34,32.56,30.67,28.57,27.4,34.26,31.8,26.18,22.98,21.83
16.09.2012,0,null,130204739,MADISON,AGGREGATE,TotalLMP,23.81,24.59,,23.68,23.16,19.03,23.43,25.65,11.98,23.99,26.34,26.12,28.46,27.48,27.83,27.46,27.49,28.8,30.76,33.63,37.37,39.8,29.47,22.77,13.43
17.09.2012,0,null,130204739,MADISON,AGGREGATE,TotalLMP,22.59,28.83,,24.4,24.15,23.92,27.02,42.3,29.57,31.55,31.31,37.56,37.35,40.61,38.39,33.36,32.83,34,34.84,36.9,109.82,95.23,33.91,28.95,26.44
18.09.2012,0,null,130204739,MADISON,AGGREGATE,TotalLMP,24.56,23.19,,22.48,23.69,23.36,27.15,38.59,36.32,40.95,56.13,36.46,30.09,31.24,30.89,24.67,31.12,33.01,30.32,28.72,33.34,34.31,28.56,24.78,24.6
19.09.2012,0,null,130204739,MADISON,AGGREGATE,TotalLMP,24.94,22.71,,21.67,21.42,22.36,25.04,35.53,28.93,26.68,29.31,30.29,27.39,26.57,27.61,26.34,28.26,30.83,27.41,22.03,22.44,32.29,27.82,22.8,18.88
20.09.2012,0,null,130204739,MADISON,AGGREGATE,TotalLMP,13.92,17.66,,4.79,0,17.73,23.49,34.05,27.76,27.84,31.38,33.23,34,32.07,32.44,35.79,28.72,33.09,29.67,25.64,50.01,32.84,27.66,23.45,22.96
21.09.2012,0,null,130204739,MADISON,AGGREGATE,TotalLMP,22.05,21.68,,21.77,20.16,22.04,23.83,31.25,26.75,24.43,27.87,34.31,31.34,31.2,31.67,31.31,31.41,30.02,29.09,26.74,31.39,29.19,27.62,24.14,23.64
22.09.2012,0,null,130204739,MADISON,AGGREGATE,TotalLMP,23.83,28.24,,26.88,25.02,23.76,24.66,24.32,24.25,27.93,30.91,28.06,32.01,33.43,36.85,34.61,55.71,36.15,36.54,35.05,38.55,34.75,31.94,27.43,22.73
23.09.2012,0,null,130204739,MADISON,AGGREGATE,TotalLMP,19.38,22.47,,20.97,20.49,19.78,20.86,22.81,20.14,22.23,23.79,24.52,25.33,25.11,25.74,25.62,24.47,25.44,25.86,23.99,32.05,32.71,27.77,23.15,19.75
24.09.2012,0,null,130204739,MADISON,AGGREGATE,TotalLMP,19.1,19.37,,21.18,20.34,22.09,25.33,29.08,30.42,31.16,32.44,31.58,29.11,30.94,27.94,26.49,26.41,27.12,27.7,26.59,33.45,32.86,26.95,20.39,17.99
25.09.2012,0,null,130204739,MADISON,AGGREGATE,TotalLMP,9.57,14.67,,20.44,19.21,21.6,24.51,43.41,31.97,31.98,35.25,34.07,30.21,31.74,30.91625,32.4075,31.16,33.07,34.22,30.22,39.62,38.85,31.1,24.32,23.71
26.09.2012,0,null,130204739,MADISON,AGGREGATE,TotalLMP,24.72,23.33,,20.54,19.33,22.95,27.6,34.72,31.36,31.65875,33.81875,34.7875,34.5775,35.98,40.46,40.86,43.06,36.73,34.75,31.65,44.76,40.03,34,25.05,28.77
27.09.2012,0,null,130204739,MADISON,AGGREGATE,TotalLMP,26.68,23.48,,22.62,23.73,24.25,30.98,80.46,41.75,33.81,45.07,40.96,52.21,41.45,66.6,48.58,50.1,61.84,65.18,39.09,48.64,44.29,35.52,28.6,27.78
28.09.2012,0,null,130204739,MADISON,AGGREGATE,TotalLMP,31.82,30.45,,27.42,25.13,27.57,31.7,48.56,40.62,35.91,36.14,37.39,38.79,34.59,36.17,35.25,34.31,34.15,33.24,32.75,33.55,34.44,32.82,28.27,26.14
29.09.2012,0,null,130204739,MADISON,AGGREGATE,TotalLMP,24.77,25.54,,22.92,22.72,22.5,24.52,23.83,23.44,23.86,29.02,27.69,28.02,27.56,25.63,26.1,24.87,24.5,24.96,26.01,28.32,27.24,25.92,21.63,21.16
30.09.2012,0,null,130204739,MADISON,AGGREGATE,TotalLMP,19.88,19.89,,19.36,19.34,18.8,19.23,19.89,12.23,19.49,23.51,23.59,23.44,24.19,24.92,25.72,24.76,24.23,22.58,24.39,28.89,26.72,25.26,21.3,18.68
01.10.2012,0,null,130204739,MADISON,AGGREGATE,TotalLMP,19.73,20.26,,20.78,20.3,20.98,21.72,81.6,40.05,30.56,29.19,29.89,29.69,30.05,31.03,29.9,29.6,27.82,27.82,30.05,35.41,35.47,28.15,24.25,20.82
02.10.2012,0,null,130204739,MADISON,AGGREGATE,TotalLMP,21.18,19.41,,7.05,22.4,24.33,25.65,67.49,137.65,34.25,36.4,32.95,34.54,39.27,36.54,32.17875,31.65625,31.52,33.67,29.22,33.48,32.63,30.23,24.32,26.96
03.10.2012,0,null,130204739,MADISON,AGGREGATE,TotalLMP,24.25,23.2,,22.92,21.64,22.13,25.33,57.78,29.46,33.82,32.96,30.38,26.3,25.72,24.02,23.33,23.89,17.11,28.14,27.77,39.33,42.83,30.03,25.66,25.12
04.10.2012,0,null,130204739,MADISON,AGGREGATE,TotalLMP,25.19,27.31,,22.93,23.47,25.53,26.6,30.99,35.4,32.35,32.63,82.37,58.2,36.39,35.24,36.5,30.56,31.68,32.42,33.24,35.56,35.8,29.69,25.76,26.12
05.10.2012,0,null,130204739,MADISON,AGGREGATE,TotalLMP,23.3,24.85,,25.15,23.43,24.34,26.45,36.71,36.87,31.41,36.81,41.03,47.37,54.47,42.88,63.35,41.11,38.95,40.86,37.07,41.19,36.35,31.71,27.32,24.76
06.10.2012,0,null,130204739,MADISON,AGGREGATE,TotalLMP,25.02,27.5,,25.26,23.52,21.87,27.32,25.07,27.34,28.54,31.06,31.85,31.81,36.12,28.97,28.83,26.84,26.93,26.04,28.3,37.21,31.54,27.62,27.78,23.78
07.10.2012,0,null,130204739,MADISON,AGGREGATE,TotalLMP,22.14,21.04,,20.73,17.75,19.82,23.6,24.6,23.59,26.83,33.5,34.88,34.64,32.16,30.36,30.25,29.99,31.11,37.16,44.39,42.93,36.14,28.1,31.17,26.76
08.10.2012,0,null,130204739,MADISON,AGGREGATE,TotalLMP,27.37,30.24,,28.4,28,29.52,33.04,45.95,47.89,43.30875,78.56875,55.36,40.1,89.95,48.57,38.03,41.4,38.74,39.71,41.12,114.53,63.68,39.55,33.19,29.5
09.10.2012,0,null,130204739,MADISON,AGGREGATE,TotalLMP,26,25.82,,26.16,25.58,25.37,26.62,34.53,38.26,30.95,39.32,37.41,37.97,32.52,29.8,27.09,27,29.09,27.18,26.88,35.66,37.09,30.96,24.32,27.76
10.10.2012,0,null,130204739,MADISON,AGGREGATE,TotalLMP,21.65,25.31,,23.57,25.02,26.93,30.06,34.43,56.57,29.58,30.4,30.12,31.47,30.89,36.76,29.75,28.78,26.84,27.87,30.33,43.61,35.86,34.78,24.5,25.35
11.10.2012,0,null,130204739,MADISON,AGGREGATE,TotalLMP,24.99,26.14,,24.69,26.15,28.96,28.98,44.21,74.32,32.54,32.86,33.61,29.24,26.17,31.66,28.59,27.73,28.39,28.11,29.75,30.48,29.54,27.04,22.99,25.43
12.10.2012,0,null,130204739,MADISON,AGGREGATE,TotalLMP,23.97,24.72,,25.72,20.94,23.77,27.08,30.94,32.64,33.03,32.52,32.91,31.31,33.06,32.5,29.54,30.76,31.49,28.33,28.69,35.96,32.7,30.28,31.13,30.31
13.10.2012,0,null,130204739,MADISON,AGGREGATE,TotalLMP,42.85,36.47,,30.43,35.04,37.07,32.08,34.31,38.76,37.49,39.53,39.1,30.36,26.34,26.71,27.02,28.06,28.25,30.98,31.38,35.64,29.24,26.77,26.28,24.56
14.10.2012,0,null,130204739,MADISON,AGGREGATE,TotalLMP,23.65,25.79,,24.15,23.32,23.34,22.95,23.49,22.15,24.59,30.81,28.2,30.82,29,29.74,28.53,27.25,30.52,28.44,33.43,35.64,30.78,29.24,23.46,22.57
15.10.2012,0,null,130204739,MADISON,AGGREGATE,TotalLMP,24.1,23.69,,15.5,14.75,19.59,26.17,32.45,30.58,28.97,34.02,29.24,30.26,30.87,28.01,31.08,28.15,28.98,28.29,43.88,55.59,23.98,29.96,28.22,25.18
16.10.2012,0,null,130204739,MADISON,AGGREGATE,TotalLMP,23.53,25.74,,27.26,25.02,26.45,29.53,55.03,46.4,33.9,37.14,31.26,30.71,29.41,31.67,29.15,28.72,28.69,29.96,55.8,63.99,32.12,27.55,26.11,24.62
17.10.2012,0,null,130204739,MADISON,AGGREGATE,TotalLMP,23.25,28.35,,26.14,27.04,26.2,30.26,108.07,37.12,43.17,34.57,32.22,30.99,30.58,30.87,30.68,30.41,30.49,30.68,69.38,33.86,30.57,31.37,25.89,22.76
18.10.2012,0,null,130204739,MADISON,AGGREGATE,TotalLMP,24.09,24.88,,23.81,23.91,25.28,27.91,40.08,35.97,37.49,31.94,30.81,30.59,30.22,31.74,30.38,29.23,31.45,33.62,36.14,38.19,35.12,29.89,28.88,27.41
19.10.2012,0,null,130204739,MADISON,AGGREGATE,TotalLMP,27.04,27.81,,27.52,28.32,28.18,30.01,58.23,78.06,94.88,58.78,38.13,37.63,45.8,47.03,35.47,46.43,35.78,40.92875,83.635,87.635,40.42,43.12875,33.4,29.46
20.10.2012,0,null,130204739,MADISON,AGGREGATE,TotalLMP,30.53,29.29,,30.59,30.06,30.12,30.72,25.89,30.28,32.5,31.69,32.04,31.2,31.27,30.55,30.98,30.97,31.29,29.17,34.16,35.56,32.62,32.06,29.28,27.68
21.10.2012,0,null,130204739,MADISON,AGGREGATE,TotalLMP,24.83,25.63,,25.52,25.2,25.15,25.12,24.94,26.59,28.25,32.12,28.66,30.33,28.39,28.25,26.81,26.33,28.42,27.16,34.86,37.08,33.87,27.99,25.79,25.39
22.10.2012,0,null,130204739,MADISON,AGGREGATE,TotalLMP,25.52,25.35,,25.09,25.15,26.33,31.8,45.97,67.2,39.16,44.87,42.66,37.72,36.89,37.14,41.52,35.46,37.81,35.68,42.49,49.31,34.87,31.05,22.83,27.48
23.10.2012,0,null,130204739,MADISON,AGGREGATE,TotalLMP,24.15,24,,23.79,23.27,24.01,26.62,33.48,30.79,31.32,32.66,32.43,34.13,33.46,34.31,35.06,32.15,33.87,31.98,87.58,57.22,31.42,31.13,28.2,26.17
24.10.2012,0,null,130204739,MADISON,AGGREGATE,TotalLMP,22.13,22.07,,24.33,22.45,23.98,27.24,32.66,38.37,32.27,33,40.87,36.1,45.04,44.09,38.13,75.21,36.63,33.65,62.33,69.38,52.66,33.24,30.96,28.17
25.10.2012,0,null,130204739,MADISON,AGGREGATE,TotalLMP,27.27,32.01,,29.02,27.05,28.58,34.01,48.32,50.35,39.1,45.2,35.22,39.35,42.35,45.49,39.11,41.77,39.35,38.4,64.76,42.74,40.42,34.08,31.7,29.23
26.10.2012,0,null,130204739,MADISON,AGGREGATE,TotalLMP,29.19,27.57,,24.55,25.11,27.82,30.57,43.01,37.86,33.86,39.65,39.99,47.51,40.33,39.87,39.55,34.07,34.97,34.21,32.41,33.47,33.54,32.15,30.24,28.88
27.10.2012,0,null,130204739,MADISON,AGGREGATE,TotalLMP,29.22,29.03,,27.27,27.53,26.33,26.86,27.13,30.52,31.38,36.79,36.68,35.94,30.37,31.67,30.83,30.59,31.12,30.61,35.99,32.15,33.51,33.63,29.94,27.44
28.10.2012,0,null,130204739,MADISON,AGGREGATE,TotalLMP,27.13,24.84,,23.22,24.08,25.75,24.7,27.7,27.39,30.03,32,40.07,31.42,35.98,32.46,31.65,31.98,34.66,40.81,55.56,46.05,38.54,51.8,32.5,32.12
29.10.2012,0,null,130204739,MADISON,AGGREGATE,TotalLMP,30.63,29.94,,28.91,28.44,29.11,30.25,32.37,35.42,47.36,67.67,123.53,45.45,44.82,40.14,35.45,34.68,37.86,46.89,45.77,68.89,65.63,29.68,22.93,31.22
30.10.2012,0,null,130204739,MADISON,AGGREGATE,TotalLMP,25.71,33.23,,34.49,31.46,39.02,45.52,261.96,39.56,118.96,63.79,47.37,83.12,52.95,49.18,46.8,54.08,61.87,46,145.48,49.07,45.92,61.64,43.57,45.02
31.10.2012,0,null,130204739,MADISON,AGGREGATE,TotalLMP,37.81,43.03,,36.89,36.63,33.51,57.97,93.91,77.11,57.84,40.88,110.67,51.75,39.04,37.43,49.01,31.75,38.44,32.06,40.97,41.02,55.22,54.12,31.8,29.96
01.11.2012,0,null,130204739,MADISON,AGGREGATE,TotalLMP,29.51,25.65,,26.68,27.86,30.09,35.28,57.78,53.68,43.97,37.47,49.33,49.99,38.73,35.81,31.98,30.85,31.89,31.16,45.84,37.78,36.39,34.37,30.71,30.37
02.11.2012,0,null,130204739,MADISON,AGGREGATE,TotalLMP,31.33,29.71,,29.54,30.16,27.69,29.16,43.8,44.27,36.08,41.27,50.78,44.95,32.81,31.59,33.08,32.53,33.71,36.18,46.72,41.22,36.26,36.44,29.45,31.35
03.11.2012,0,null,130204739,MADISON,AGGREGATE,TotalLMP,37.35,34.43,,32.84,32.12,33.75,37.56,33.29,50.67,59.99,74.72,50.47,42.26,40.3,32.61,32.91,30.05,31.92,34.34,64.63,40.76,38.28,34.09,31.98,28.52
04.11.2012,0,null,130204739,MADISON,AGGREGATE,TotalLMP,29.79,30.1,30.03,29.39,29.73,30.81,32.57,29.84,36.32,41.31,33.53,28.64,30.02,30.06,29.94,30.02,30.07,39.02,77.39,63.65,36.38,39.07,31.72,27.68,28.8
05.11.2012,0,null,130204739,MADISON,AGGREGATE,TotalLMP,30.15,28.9,,28.43,30.26,32.09,34.76,60.42,42.47,38.09,46.6,51.38,42.67,40.08,37.33875,32.6975,31.71875,34.41,133.29,155.11,42.46,66.55,46.54,36,32.27
06.11.2012,0,null,130204739,MADISON,AGGREGATE,TotalLMP,31.19,31.2,,33.77,33.39,36.45,67.06,81.66,50.76,56.91,65.5,53.57,45.87,37.89,38.54,38.02,35.8,35.43,48.24,54.83,50.6,93.02,71.97,34.49,30.46
07.11.2012,0,null,130204739,MADISON,AGGREGATE,TotalLMP,31.29,30.36,,29.88,29.51,31.5,36.71,37.83,43.1,49.32,53.58875,59.02875,47.88875,58.04625,48.00875,38.68,38.97,74.04875,193.9925,220.215,76.48,98.95,33.99,35.56,30.51
08.11.2012,0,null,130204739,MADISON,AGGREGATE,TotalLMP,30.6,30.84,,31.35,30.93,32.1,35.1,62.77,44.76,39.30625,46.93875,78.49,32.74,28.21,29.77,29.32,29.47,29.3,77.40875,35.95,38.52,36.63,32.07,26.01,30
09.11.2012,0,null,130204739,MADISON,AGGREGATE,TotalLMP,31.88,30.47,,30.4,34.59,37.02,40.38,68.63,84.85,36.41,32.22,32.65,28.05,29.01,27.28,28.89,29.21,29.53,49.27,38.89,42.22,29.24,27.07,26.36,24.64
10.11.2012,0,null,130204739,MADISON,AGGREGATE,TotalLMP,29.2,29.04,,29.04,29.87,28.44,44.38,27.26,34.22,28.6,29.88,35.11,27.78,28.48,27.34,28.51,27.5,61.15,33.65,37.64,33.31,34.02,26.92,27.01,27.65
11.11.2012,0,null,130204739,MADISON,AGGREGATE,TotalLMP,29.01,27.13,,29.09,28.67,29.73,30.84,28.77,29.4,26.27,28.07,28.82,28.66,28.36,28.5,25.72,26.17,26.47,61.78,29.3,28.62,27.91,27.34,26.51,24.58
12.11.2012,0,null,130204739,MADISON,AGGREGATE,TotalLMP,22.52,23.27,,22.46,24.51,26.36,27.56,39.47,35.46,32.54,38.64,48.56,35.53,33.35,30.6,36.56,36.5,33.61,51.3,41.21,37.3,34.9,33.02,28.88,29.35
13.11.2012,0,null,130204739,MADISON,AGGREGATE,TotalLMP,26.98,24.55,,26.03,25.76,24.56,28.2,55,42.4,38.14,37.39,58.12,31.63,31.65,35.81,31.19,29.88,30.42,78.4,59.4,52.4,47.85,39.65,34.15,31.03
14.11.2012,0,null,130204739,MADISON,AGGREGATE,TotalLMP,30.05,30.19,,30.2,30.33,31.27,38.48,116.41,95.88,49.75,37.68,57.32,43.09,31.16,32.5,36.8,32.07,31.09,94.38,49.75,39.18,67.87,50.44,34.33,33.63
15.11.2012,0,null,130204739,MADISON,AGGREGATE,TotalLMP,32.13,31.71,,31.11,32.99,35.42,35.2,64.08,55.09,42.74,50.75,40.04,37.25,32.67,35.1,29.23,29.49,34.61,74.42,48.6675,41.06625,43.37,41.15,32.18,30.8
16.11.2012,0,null,130204739,MADISON,AGGREGATE,TotalLMP,30.24,27.94,,28.66,29.37,28.75,30.1,40.86,41.76,45.86,36.20375,33.63,30.46,30.81,30.31,29.08,28.2,24.57,39.02,47.61,37.79,35.96,32.95,33.12,29.53
17.11.2012,0,null,130204739,MADISON,AGGREGATE,TotalLMP,29.99,30.49,,29.6,32.61,36.42,33.98,43.28,37.17,40.47,31.35,30.49,29.35,28.26,28.32,24.78,28.32,26.87,29.69,31.36,29.66,30.89,30.51,29.85,27.26
18.11.2012,0,null,130204739,MADISON,AGGREGATE,TotalLMP,28.6,29.57,,29.24,30.15,30.03,31,30.01,30.29,30.23,29.51,28.84,28.52,28.06,27.35,27.85,26.62,26.38,34.63,36.1,30.97,31.62,29.55,28.1,25.68
19.11.2012,0,null,130204739,MADISON,AGGREGATE,TotalLMP,26.75,27.45,,27.96,27.04,25.91,29.2,39.24,35.48,31.68,32.3,31,31.68,30.48,29.79,29.23,29.36,28.72,38.5,40.4,36.85,38.53,32.12,27.83,27.57
20.11.2012,0,null,130204739,MADISON,AGGREGATE,TotalLMP,28.05,28.64,,29,28.69,28.48,29.94,59.65,35.56,35.87875,31.92875,31.25875,31.94875,32.17,33.57,31.61,29.81,29.71,37.68875,39.425,41.99,38.72,34.04,29.06,27.2
21.11.2012,0,null,130204739,MADISON,AGGREGATE,TotalLMP,28.64,27.78,,28,28.61,29.02,29.33,35.7,46.89,35.21,30.59,30.31,30.15,29.99,28.98,28.5,28.05,27.96,43.02,33.88,35.98,32.58,30.16,27.94,24.83
22.11.2012,0,null,130204739,MADISON,AGGREGATE,TotalLMP,27.57,25.83,,25.47,25.32,26.25,25.48,24.87,27.22,26.25,26.62,27.01,25.56,22.65,21.42,18.92,20.91,10.8,23.07,22.34,24.32,23.36,22.28,23.15,18.22
23.11.2012,0,null,130204739,MADISON,AGGREGATE,TotalLMP,20.03,22.09,,22.1,21.61,22.23,24.52,24.67,26.23,28.29,26.39,26.32,26.49,26.54,25.06,24.93,24.49,30.16,31.86,30.62,30.27,29.54,28.49,27.03,22.43
24.11.2012,0,null,130204739,MADISON,AGGREGATE,TotalLMP,20.62,22.53,,21.95,20.5,19.53,22.62,24.14,26.75,28.97,31.41875,29.70625,30.62875,29.00875,28.11,27.93,28.59,28.74,34.05,33.265,29.92,30.74,29.11,28.15,28.09
25.11.2012,0,null,130204739,MADISON,AGGREGATE,TotalLMP,29.31,26.17,,26.58,25.55,26.36,26.58,26.65,27.74,28.7,31.37,29.86,28.37,28.36,27.45,26.92,24.7,28.45,44.38875,34.5575,37.06,33.13,28.99,25.72,24.63
26.11.2012,0,null,130204739,MADISON,AGGREGATE,TotalLMP,26.76,25.4,,24.63,25.47,24.89,25.82,31.71,29.9,29.4,29.47,28.96,28.67,28.28,27.87,28.05,28.18,29.26,39.64,34.33,31.8,29.44,29.24,28.1,26.72
27.11.2012,0,null,130204739,MADISON,AGGREGATE,TotalLMP,25.83,26.01,,25.66,26.03,25.98,27.16,39.9075,35.11875,38.14875,58.44,38.29,41.76,39.87,44.32,61.61,37.8,49.75,99.195,75.2725,45.0775,46.77,35.81,31.96,28.6
28.11.2012,0,null,130204739,MADISON,AGGREGATE,TotalLMP,28.65,28.25,,27.98,28.04,28.12,29.38875,34.29875,35.53875,34.11875,39.12,33.62,32.01,31.53,31.13,30.7,30.29,29.83,50.4975,48.07625,41.28875,43.36,55.54,31.82,30.27
29.11.2012,0,null,130204739,MADISON,AGGREGATE,TotalLMP,29.77,29.78,,29.65,30.33,31.45,31.48,66.64,74.84,36.11,36.75,43.09,33.92,30.5,28.3,29.86,30.27,32.03,82.59625,75.995,36.95875,38.25875,37.36,30.42,28.77
30.11.2012,0,null,130204739,MADISON,AGGREGATE,TotalLMP,29.2,28.55,,27.39,28.67,29.26,29.13,82.605,124.72375,36.27875,34.79875,45.81,32.47875,30.5775,30.64,29.86875,28.57,32.31,42.07875,35.90875,33.06,30.38,29.38,26.98,25.04
01.12.2012,0,null,130204739,MADISON,AGGREGATE,TotalLMP,30.32,30.96,,30.11,28.9,28.59,30.43,27.56,28.91,29.31,31.97,30.53,30.09,27,26.92,27.44,27.49,28.11,30.39,29.21,27.96,28.29,28.12,24.78,24.3
02.12.2012,0,null,130204739,MADISON,AGGREGATE,TotalLMP,24.62,23.13,,24.07,22.85,23.64,26.13,23.82,23.42,26.62,27.63,27.66,27.44,27.32,27.01,26.42,26.87,28.73,37.18875,35.20875,39.96,37.31,28.72,24.33,22.57
03.12.2012,0,null,130204739,MADISON,AGGREGATE,TotalLMP,22.14,22.29,,21.61,21.83,20.49,24.54,26.61,27.38,27.71,29.18,29.11,27.73,27.51,28.43,27.78,25.74,26.06,34.69,29.65,27.23,29.54,25.63,22.36,9.35
04.12.2012,0,null,130204739,MADISON,AGGREGATE,TotalLMP,22.38,21.8,,20.6,6.04,21,23.22,32.29,28.89,27.6,27.78,28.75,30.23,29.63,29.98,27.93,28.69,29.1,39.75,37.63,35.71,31.43,27.26,23.33,5.64
05.12.2012,0,null,130204739,MADISON,AGGREGATE,TotalLMP,19.85,0.9,,16.79,19.4,21.03,24.31,37.99,32.43,30.04,30.11875,26.47,28.04,25.99,26.52,26.28,24.63,27.07,56.82,42.68,36.75,39.68,33.6,26.21,24.58
06.12.2012,0,null,130204739,MADISON,AGGREGATE,TotalLMP,24.88,24.19,,24.24,25.32,25.56,28.78,35.46,35.43,29.98,32.35,31.28,28.55,27.61,28.38,28.21,27.14,29.59,44.86875,33.02625,34.4575,32.01,29.46,25.17,24.01
07.12.2012,0,null,130204739,MADISON,AGGREGATE,TotalLMP,23.55,22.41,,23.12,24.5,24.16,25.96,31.54,37.89,40.22,35.34,38.14,34.28,30.93,30.02,30.31,29.78,38.37,29.61875,30.39,32.65,34.67,28.31,28.17,25.37
08.12.2012,0,null,130204739,MADISON,AGGREGATE,TotalLMP,23.66,24.62,,23.16,22.49,23.3,24.36,27.28,26.57,27.85,27.81,28.24,28.06,27.84,27.7,26.36,27.68,30.07,41.8,35.87,31.38,29.71,28.09,26.45,24.98
09.12.2012,0,null,130204739,MADISON,AGGREGATE,TotalLMP,23.55,22.71,,21.52,17.8,14.58,22.02,22.3,22.99,25.25,25.37,27.27,27.71,28.71,27.77,28.45,27.46,32.33,31.75,32.29,30.85,29.85,26.34,20.07,20.64
10.12.2012,0,null,130204739,MADISON,AGGREGATE,TotalLMP,10,20.55,,11.94,8.24,21.97,25.02,30.22,32.54,28.09,29.22,31.2,34.98,31.08,31.44,30.15,29.44,35.92,54.12,44.14,40.11,35.27,31.05,25.05,24.46
11.12.2012,0,null,130204739,MADISON,AGGREGATE,TotalLMP,25.13,24.77,,24.15,23.76,24.54,26.04,32.36,32.39625,29.7,29.36,29.83,27.38,27.17,25.39,27.65,49.37,43.11625,86.73125,58.87125,47.4975,46.3475,35,25.3,25.23
12.12.2012,0,null,130204739,MADISON,AGGREGATE,TotalLMP,25.04,26.8,,25.53,24.74,24.79,26.03,35.69,41.39,41.57,32.81,30.65,28.62,26.5,25.25,25.33,26.64,28.62,30.44,29.49,33.11,32.54,30.94,25.64,24.42
13.12.2012,0,null,130204739,MADISON,AGGREGATE,TotalLMP,25.63,26.47,,25.85,25.62,24.55,27.26,31.91,29.41,29.435,28.4625,28.32,27.22,25.31,24.07,24.1,24.92,27.24,32.08,31.88,31.24,33.13,31.09,27.5,25.11
14.12.2012,0,null,130204739,MADISON,AGGREGATE,TotalLMP,25.79,24.93,,24.98,25.11,24.62,26.92,34.74,34.19,31.54,30.53,28.8,26.07,24.98,24.32,24.29,25.5,28.04,37.6,27.97,28.15,29.62,27.88,36.46,33.42
15.12.2012,0,null,130204739,MADISON,AGGREGATE,TotalLMP,32.43,28.68,,25.65,25.06,25.67,28.7,27.81,28.83,32.02,31.33,29.47,27.79,23.55,24,24.76,25.14,27.1,32.61,29.81,28.01,28.45,25.79,24.63,22.04
16.12.2012,0,null,130204739,MADISON,AGGREGATE,TotalLMP,22.3,18.52,,21,19.05,19.65,20.77,22.08,22.55,23.47,26.25,26.09,25.29,25.76,26.77,26.18,27.42,32.27,35.8,30.93,36.98,32.88,29.15,23.96,23.21
17.12.2012,0,null,130204739,MADISON,AGGREGATE,TotalLMP,23.06,18.74,,2.54,19.34,22.7,24.88,29.14,30.5,30.18,34.54,32.34,31.98,32.26,29.31,27.22,26.31,29.99,40.2,42.51875,37.94,31.61,29.7,24.22,22.25
18.12.2012,0,null,130204739,MADISON,AGGREGATE,TotalLMP,22.61,22.14,,20.75,19.73,21.18,23.29,27.9,30.545,27.955,26.95,25.03,24.87,25.28,24.65,24.66,25.98,27.09,39.14,32.27875,31.475,30.78875,28.46,23.55,22.57
19.12.2012,0,null,130204739,MADISON,AGGREGATE,TotalLMP,22.04,22.64,,22.19,23.46,24.25,26.11,29.21,32.88,29.3,29.25,27.21,26.68,25.98,25.89,24.87,24.25,25.43,33.34,30.21,32.56,29.45,26.21,24.58,23.16
20.12.2012,0,null,130204739,MADISON,AGGREGATE,TotalLMP,24.26,24.54,,23.32,23.58,24.58,24.88,27.23,31.05,30.8,29.41,28.96,27.55,27.66,27.26,28.33,27.8,34.25,37.22,33.09,34.5,35.2,30.81,26.76,24.46
21.12.2012,0,null,130204739,MADISON,AGGREGATE,TotalLMP,23.44,25.19,,24.06,24.42,25.26,26.95,32.3,41.01,36.91,39.98,38.58,35.74,32.19,33.02,31.59,31.57,44.37,42.79,38.78,37.78,41.98,37.6,32.6,32.61
22.12.2012,0,null,130204739,MADISON,AGGREGATE,TotalLMP,30.16,29,,27.29,28.85,27.06,26.41,27.43,29.91,30,36.14,34.41,28.57,27.2,26.08,25.66,25.61,27.16,32.64,30.31,32.8,37.31,32.25,29.42,28.53
23.12.2012,0,null,130204739,MADISON,AGGREGATE,TotalLMP,28.15,28.17,,27.59,27.01,26.83,30.19,26.08,26.84,29.43,27.2,25.83,24.26,25.72,26.65,23.31,17.34,23.5,35.01,29.05,27.98,28.81,27.92,25.8,23.78
24.12.2012,0,null,130204739,MADISON,AGGREGATE,TotalLMP,23.74,21.92,,21.98,22.28,22.71,25.63,24.99,26.06,26.04,28.25,26.41,26.44,27.05,25.34,25.41,25.78,26.53,26.52,24.46,24.33,25.13,25.22,23.58,21.62
25.12.2012,0,null,130204739,MADISON,AGGREGATE,TotalLMP,19.15,14.68,,10.84,8.63,19.6,20.61,11.42,21.88,23.27,27.77,24.12,23.67,22.61,21.2,20.83,21.89,22.04,25.35,23.99,24.63,24.81,23.68,21.53,18.02
26.12.2012,0,null,130204739,MADISON,AGGREGATE,TotalLMP,21.37,19.87,,14.91,20.92,21.14,22.34,22.52,24.64,25.76,26.77,31.6,27.67,32.25,32.35,24.04,25.21,25.89,28.755,29.77875,29.41,29.24,27.68,26.38,24.07
27.12.2012,0,null,130204739,MADISON,AGGREGATE,TotalLMP,25.77,25.75,,24.83,24.72,25.26,24.41,25.71,28.03,30.25,31.96,29.71,37.21,31.66,30.13,26.91,27.27,30.76,36.6,35.03,29.74,35.26,31.48,26.78,26.14
28.12.2012,0,null,130204739,MADISON,AGGREGATE,TotalLMP,26.51,25.78,,24.26,25.35,25.32,24.59,25.15,27.51,28.28,28.23,29.48,27.44,27.65,27.21,26.26,25.16,27.81,32.92,29.82,29.05,28.2,26.62,26.78,26.22
29.12.2012,0,null,130204739,MADISON,AGGREGATE,TotalLMP,26.99,27.09,,26.67,23.92,25.25,26.18,26.25,25.96,22.79,25.82,27.53,27.9,26.58,27.24,26.89,26.55,27.08,30.69,28.2,28.26,28.73,28.29,27.65,26.97
30.12.2012,0,null,130204739,MADISON,AGGREGATE,TotalLMP,27.41,25.85,,26.27,26.72,25.54,26.51,26.14,27.04,27.08,27.35,28.16,28.34,27.54,26.63,22.82,24.68,25.63,28.34,28.7,28.58,28.38,28.32,27.56,25.37
31.12.2012,0,null,130204739,MADISON,AGGREGATE,TotalLMP,26.38,26.36,,26.82,25.62,24.71,24.23,30.43,24.22,26.33,27.55,27.04,26.82,24.18,26.83,26.52,26.26,26.65,27.39,27.86,26.46,24.22,23.33,24.52,23.34
